domain,category,patchcore_i_auroc,patchcore_p_auroc,uniad_i_auroc,uniad_p_auroc,rd_i_auroc,rd_p_auroc,simplenet_i_auroc,simplenet_p_auroc,vitad_i_auroc,vitad_p_auroc,destseg_i_auroc,destseg_p_auroc,mambaad_i_auroc,mambaad_p_auroc,dinomaly_i_auroc,dinomaly_p_auroc,lgc_ad_i_auroc,lgc_ad_p_auroc,dinomalym_i_auroc,dinomalym_p_auroc
Agrifood,Aero_Engine_Blade,60.81,93.34,44.26,91.97,69.45,90.37,52.29,77.98,85.96,90.47,66.82,84.15,76.90,90.68,80.00,90.42,73.11,88.39,86.33,92.20
Agrifood,bagel,78.32,94.16,64.52,96.08,85.06,97.65,58.59,76.63,77.31,96.88,69.28,97.14,68.22,95.32,63.47,95.13,83.59,97.78,70.62,97.41
Agrifood,Bear_real,55.00,99.12,36.67,98.11,59.17,64.59,38.33,57.77,50.00,48.41,57.50,95.20,51.67,53.75,45.00,68.55,55.83,72.33,48.33,87.49
Agrifood,Bear_sim,51.50,83.28,64.74,88.29,48.48,90.30,51.44,72.17,41.20,90.50,60.52,77.90,57.77,90.47,44.05,90.83,46.42,89.77,49.89,92.46
Agrifood,Bird_real,30.30,87.47,25.76,87.48,37.12,77.93,42.42,44.66,75.00,75.01,61.36,74.22,50.00,87.46,64.39,83.07,26.52,73.06,51.52,86.59
Agrifood,Bird_sim,42.04,86.34,54.15,89.49,47.86,90.06,50.74,65.57,61.21,90.48,31.28,70.80,49.13,90.11,35.10,90.58,78.19,88.83,36.41,91.18
Agrifood,bottle,99.79,97.48,91.30,89.50,92.13,92.17,49.48,59.68,99.93,97.13,96.20,89.71,98.90,95.39,99.79,97.02,98.14,95.97,100.00,98.31
Agrifood,bottle_cap,80.02,95.17,86.32,98.61,90.92,99.30,49.58,69.41,73.27,98.36,62.64,92.89,82.12,99.20,87.20,99.30,91.33,99.19,92.97,99.46
Agrifood,can,52.00,44.34,57.05,77.24,66.53,81.91,49.09,58.60,56.64,72.54,49.41,72.85,67.73,82.88,49.03,73.51,63.68,83.59,48.43,73.65
Agrifood,carrot,80.73,90.64,57.71,97.22,80.73,99.22,48.04,69.14,82.46,98.62,68.74,90.55,85.47,99.25,90.57,99.26,88.06,99.30,93.69,99.48
Agrifood,cashew,92.84,94.85,70.06,83.97,74.06,58.28,53.16,81.73,74.14,85.07,72.44,69.86,76.20,84.59,82.98,88.03,75.34,81.52,87.70,92.02
Agrifood,Cat_sim,49.56,88.19,51.57,93.13,47.66,93.38,50.15,74.15,49.83,93.26,45.05,76.30,43.53,92.72,33.27,93.38,86.21,90.36,28.64,94.11
Agrifood,Cherry,70.32,92.73,63.12,96.36,69.44,97.96,54.57,82.89,72.45,97.95,53.52,91.32,78.36,98.23,79.08,98.40,70.49,98.27,80.82,98.81
Agrifood,chewinggum,95.67,97.93,80.61,95.52,52.79,75.20,55.47,76.56,78.49,85.22,95.00,98.11,65.98,87.33,79.65,94.35,61.86,91.42,94.00,97.88
Agrifood,cigarette_box,54.24,85.34,68.03,73.11,45.65,62.21,51.51,64.27,51.35,72.57,74.81,82.17,56.78,74.28,48.68,85.36,44.68,71.28,60.16,91.79
Agrifood,coffee_beans,62.53,71.24,58.80,67.05,40.58,78.25,51.95,62.79,66.52,88.31,47.58,79.83,49.73,81.95,67.74,81.29,47.02,81.92,67.25,82.44
Agrifood,cookie,73.41,89.92,66.02,93.28,55.56,92.75,46.30,65.67,60.68,93.37,61.65,83.72,54.03,91.60,67.14,92.25,58.92,93.66,69.98,94.98
Agrifood,drink_bottle,55.02,89.00,52.22,85.53,49.43,84.80,48.60,65.44,48.12,88.45,56.27,85.60,54.26,88.21,56.14,89.90,53.36,86.61,57.23,91.86
Agrifood,drink_can,52.90,85.70,48.23,83.97,42.03,87.53,56.29,62.03,51.48,88.62,47.96,86.92,49.46,88.61,57.43,90.07,54.27,88.60,59.75,91.54
Agrifood,Elephant_real,56.48,85.66,49.07,79.77,37.96,69.76,42.59,55.05,63.89,86.96,41.67,68.50,51.85,72.14,53.70,83.22,48.15,70.47,62.96,87.31
Agrifood,Elephant_sim,51.05,65.70,56.14,69.12,63.63,70.96,52.18,61.13,56.63,72.51,65.97,63.71,62.29,70.06,56.07,71.70,64.33,70.94,50.85,72.87
Agrifood,food_bottle,59.22,90.46,47.09,84.38,59.68,87.97,53.76,70.97,62.21,91.01,62.45,89.97,63.39,90.41,59.06,92.77,61.73,89.49,64.06,94.29
Agrifood,fruit_jelly,68.75,94.22,68.20,91.51,62.82,90.00,52.62,77.98,63.87,94.46,71.75,92.39,85.05,91.23,75.17,92.99,63.45,92.10,64.08,94.24
Agrifood,fryum,88.88,77.78,72.82,93.46,89.94,95.72,56.82,78.48,89.96,96.34,67.94,81.43,93.80,96.03,95.06,96.45,90.92,96.55,96.98,96.84
Agrifood,goji_berries,83.92,90.65,58.92,87.47,70.93,86.83,54.31,68.04,69.81,86.36,57.58,76.50,79.00,90.60,71.49,86.20,73.58,90.21,76.83,88.66
Agrifood,Gorilla_sim,57.12,91.68,56.44,91.37,50.30,92.68,50.39,67.74,46.33,92.94,41.12,86.50,52.99,92.19,41.28,92.02,52.90,91.83,44.35,93.18
Agrifood,hazelnut,99.25,97.80,96.53,95.50,93.15,97.54,55.58,73.09,65.45,94.63,78.57,95.70,83.18,96.11,97.99,98.43,96.01,98.32,99.45,98.89
Agrifood,juice_bottle,78.67,83.28,64.36,80.50,58.56,81.50,51.81,69.56,73.55,82.78,69.13,67.15,87.04,85.01,78.45,86.11,69.42,85.66,85.59,87.25
Agrifood,macaroni1,77.99,90.82,80.88,98.40,74.16,98.73,50.38,74.90,78.67,96.91,81.67,97.62,88.27,99.41,93.39,98.25,84.46,99.09,96.18,98.14
Agrifood,macaroni2,73.42,87.32,66.14,95.00,64.07,97.60,48.16,75.01,62.63,96.22,60.88,96.99,79.23,99.01,74.55,97.96,66.56,98.58,85.11,98.81
Agrifood,maize,64.09,73.53,47.01,65.49,57.57,81.11,53.12,59.21,62.28,85.76,65.41,66.84,62.31,83.12,64.85,81.73,64.51,82.96,64.99,82.37
Agrifood,Mallard_sim,63.15,77.18,46.25,84.45,58.26,83.65,47.14,68.02,61.24,83.96,54.77,62.50,59.15,82.90,46.60,82.47,65.98,83.07,48.62,83.51
Agrifood,mint,69.60,80.12,56.98,88.20,58.61,90.31,49.16,63.79,67.12,88.11,54.68,85.09,59.84,88.77,57.25,90.52,65.34,91.70,66.66,93.00
Agrifood,Obesobeso_sim,54.88,90.22,54.28,91.96,59.66,93.73,47.08,76.26,69.17,94.30,47.88,83.19,59.83,92.86,43.56,93.51,88.78,91.17,48.12,94.51
Agrifood,Owl_sim,70.32,87.81,68.50,90.81,65.13,91.31,53.52,70.49,65.76,91.53,54.84,71.66,66.37,90.98,55.63,88.76,61.20,90.97,51.04,89.99
Agrifood,paddy,80.35,71.84,43.13,66.26,62.87,70.76,53.78,61.84,88.18,78.28,56.29,65.06,77.45,74.06,83.72,71.96,72.44,74.50,86.77,71.61
Agrifood,Parrot_real,43.48,56.42,61.59,61.20,46.38,54.59,51.45,61.18,44.20,53.68,45.65,62.61,50.72,51.84,39.13,56.40,48.55,39.75,34.06,58.97
Agrifood,Parrot_sim,47.20,77.25,38.74,84.58,53.43,84.37,55.77,66.92,46.71,85.31,49.36,71.02,48.94,84.45,54.60,85.10,49.31,84.31,55.65,86.34
Agrifood,peach,73.76,97.45,67.16,96.24,75.05,97.56,57.55,78.64,52.74,96.48,58.22,90.31,76.35,97.76,84.84,98.62,83.27,98.14,88.21,99.05
Agrifood,Pheonix_sim,59.73,75.36,59.09,82.48,43.93,82.36,51.55,59.06,49.42,83.88,50.03,67.58,54.07,82.34,43.15,84.93,51.16,82.05,40.65,86.21
Agrifood,Pig_real,39.50,93.15,43.70,90.69,34.45,93.65,33.61,55.88,68.07,86.87,73.11,92.10,36.97,94.42,34.45,91.25,59.66,93.92,47.90,92.46
Agrifood,Pig_sim,47.30,94.66,60.20,92.03,48.42,93.13,46.57,69.58,56.37,94.13,47.56,86.04,60.42,94.34,47.40,93.71,43.28,90.44,40.54,95.52
Agrifood,pipe_fryum,88.38,88.25,82.96,94.96,93.56,97.95,53.88,89.50,87.12,98.65,90.10,96.42,95.26,98.23,86.30,97.99,96.86,98.70,94.00,98.67
Agrifood,pistachios,77.59,73.13,66.79,66.30,59.48,72.16,57.37,67.62,60.81,71.22,53.88,56.71,63.75,74.54,67.89,71.87,63.18,74.60,69.00,73.24
Agrifood,potato,49.46,89.66,55.04,96.72,69.96,98.85,52.78,93.10,62.08,98.36,45.86,87.06,64.76,98.60,71.53,98.62,68.51,98.85,72.37,98.96
Agrifood,Puppy_real,96.67,98.79,67.50,98.10,28.33,67.23,55.00,60.05,31.67,26.13,62.50,89.98,39.17,37.95,53.33,71.15,27.50,67.56,55.83,83.15
Agrifood,Puppy_sim,59.01,78.38,51.99,86.15,46.95,88.13,48.51,66.52,45.88,88.11,59.01,78.80,49.43,87.61,39.73,86.98,48.05,87.76,39.49,88.85
Agrifood,Raspberry,78.77,93.44,36.26,97.53,84.18,98.05,55.81,72.63,87.81,98.48,73.54,97.98,66.89,98.33,92.46,98.06,82.45,98.34,95.79,98.55
Agrifood,rice,42.86,62.15,62.35,69.55,22.25,59.82,46.38,51.00,60.24,67.14,48.99,76.49,55.45,63.61,67.62,87.33,42.04,75.71,72.54,89.40
Agrifood,Sabertooth_sim,47.65,77.33,54.38,89.07,66.13,87.82,50.48,72.93,62.07,88.51,55.22,68.06,58.28,86.56,63.71,87.83,61.33,87.14,60.31,89.12
Agrifood,Scorpion_real,53.62,66.46,39.13,83.32,41.30,50.20,49.27,63.96,43.48,32.13,60.15,67.26,73.19,56.02,38.41,43.58,60.15,38.64,31.88,49.59
Agrifood,Scorpion_sim,63.51,86.38,54.62,89.52,65.57,90.70,52.22,73.75,61.87,90.06,70.08,81.97,71.38,91.14,68.54,90.06,64.32,90.74,64.04,91.86
Agrifood,Sheep_sim,63.86,85.03,50.91,92.27,62.26,92.03,47.03,72.88,48.81,92.42,46.59,73.63,52.71,91.77,39.70,93.17,87.96,89.34,43.21,94.16
Agrifood,Shredded_Corn_Fine,95.49,93.97,80.80,78.07,58.66,36.37,55.63,68.47,80.76,71.01,62.55,81.50,73.48,52.74,84.42,67.33,64.02,45.56,92.05,84.07
Agrifood,Shredded_Corn_Medium,98.17,95.12,81.06,78.51,74.14,37.20,57.40,61.22,73.26,59.99,64.83,73.49,81.94,50.27,85.24,61.25,72.49,37.56,88.06,73.20
Agrifood,Shredded_Corn_Rough,95.77,91.11,68.09,69.37,75.12,29.42,53.87,61.32,66.79,57.89,45.95,69.84,87.98,40.32,63.81,54.19,74.34,32.88,79.17,69.53
Agrifood,soybean,74.83,73.40,67.63,68.56,72.68,83.87,57.46,59.13,86.15,88.40,67.42,73.27,82.17,87.06,80.41,82.24,79.22,85.10,82.53,83.51
Agrifood,Strawberry,71.83,89.99,51.53,90.04,56.39,92.86,55.09,73.23,75.70,94.44,60.88,91.28,62.79,92.91,81.08,95.00,65.52,93.51,87.64,95.43
Agrifood,Swan_sim,52.37,77.87,48.10,87.95,55.08,88.10,48.39,64.66,64.26,89.71,71.27,74.92,58.89,87.67,54.30,88.59,42.48,87.41,50.83,90.44
Agrifood,Tea_Bag,69.60,92.59,70.00,97.11,60.45,94.03,45.10,77.71,62.45,91.88,65.35,87.78,63.75,91.13,72.90,97.32,65.10,95.83,78.75,98.55
Agrifood,Turtle_real,100.00,99.17,91.43,97.19,59.05,76.32,55.24,65.30,40.95,37.46,29.52,82.90,58.10,62.59,80.95,87.78,63.81,78.24,89.52,95.77
Agrifood,Turtle_sim,50.40,80.16,43.65,87.04,59.31,91.01,51.41,69.50,54.22,91.10,46.39,72.02,63.05,90.79,52.69,91.00,64.01,90.98,59.85,92.36
Agrifood,Unicorn_real,41.27,85.25,65.08,93.60,85.71,58.88,53.97,61.50,67.46,38.73,45.24,77.05,67.46,57.31,67.46,60.97,67.46,46.22,50.79,66.79
Agrifood,Unicorn_sim,46.64,75.67,47.11,85.66,64.30,86.02,49.30,69.13,53.36,86.33,54.41,79.82,49.81,85.51,58.22,86.87,51.77,85.63,56.38,88.00
Agrifood,walnuts,79.94,97.56,57.76,88.63,59.57,90.59,53.61,62.21,89.15,93.17,67.26,93.43,83.43,93.13,90.83,94.85,74.09,93.26,88.96,95.73
Agrifood,Whale_real,90.10,99.22,83.33,98.58,53.13,83.94,69.79,61.84,46.35,57.79,62.50,94.78,43.75,64.15,60.42,81.06,50.52,86.38,56.25,91.79
Agrifood,Whale_sim,65.83,82.10,54.59,88.47,52.05,86.77,44.74,66.37,51.49,87.23,62.41,77.32,57.91,86.35,48.42,88.56,53.66,86.02,52.42,90.32
Agrifood,wheat,75.15,85.26,49.52,80.58,62.22,83.23,57.80,61.12,75.92,86.16,61.62,66.21,69.10,84.75,79.34,85.34,70.56,85.24,83.51,87.13
Agrifood,Zalika_sim,49.88,81.95,50.60,85.83,57.66,86.72,53.36,65.97,48.11,86.32,49.56,70.16,55.82,86.68,51.29,85.93,58.93,86.68,51.25,87.22
Electronics,3_Pole_Socket_Housing,76.09,83.24,50.43,88.11,42.97,87.50,42.23,66.44,43.75,87.14,32.99,61.16,49.96,88.24,63.98,88.25,51.82,88.09,84.46,91.01
Electronics,Aluminum_Camera_Cover,64.81,73.26,59.58,73.12,61.20,77.70,51.32,63.85,76.83,87.38,67.66,71.98,70.81,81.97,77.94,84.21,66.64,80.61,83.84,87.72
Electronics,Aluminum_Ipad,82.47,93.69,58.55,92.46,73.09,94.72,58.31,80.53,91.02,94.66,85.00,86.95,87.23,94.05,91.21,91.44,83.20,95.20,92.57,92.70
Electronics,Aluminum_Middle_Frame,74.40,92.75,58.19,90.28,60.44,92.46,54.94,68.26,76.08,94.55,68.69,89.86,73.32,93.75,76.85,88.43,65.87,93.61,79.89,90.81
Electronics,Aluminum_New_Ipad,58.20,89.68,55.69,74.29,63.67,90.61,56.16,57.81,59.89,92.90,72.70,84.58,65.92,94.51,59.11,91.44,67.02,94.15,66.20,93.43
Electronics,Aluminum_New_Middle_Frame,51.49,82.95,51.06,79.88,54.02,85.67,51.34,61.27,58.59,89.92,57.82,83.41,54.78,86.46,59.42,81.40,53.52,85.65,62.49,84.59
Electronics,Aluminum_Pc,52.47,65.01,48.52,71.61,58.56,78.93,49.42,61.97,71.89,81.46,64.26,74.87,60.07,77.99,58.26,80.99,59.48,79.56,64.35,82.52
Electronics,audio_jack_socket,86.49,87.89,47.30,77.51,55.37,85.00,50.99,49.54,58.20,90.20,93.96,89.72,67.81,91.17,78.68,88.71,59.74,90.38,93.85,92.08
Electronics,audiojack,80.30,92.11,52.84,91.30,63.20,90.60,47.95,70.32,70.46,90.27,73.53,89.47,73.80,91.83,85.20,91.44,72.32,91.92,91.43,94.37
Electronics,block_inductor,84.23,89.63,59.37,83.74,78.95,90.48,54.30,62.87,79.44,94.05,77.64,81.36,78.12,92.49,88.27,94.35,84.49,94.06,88.09,95.65
Electronics,button_battery,76.40,96.14,68.89,91.71,65.70,95.46,55.14,75.31,69.76,96.59,79.77,93.53,72.44,96.14,78.91,97.90,68.02,96.39,84.39,98.33
Electronics,button_cell,98.46,98.35,71.54,99.58,76.15,99.72,43.46,88.92,99.61,99.73,64.23,98.23,84.62,99.79,100.00,99.71,86.92,99.73,100.00,99.72
Electronics,Cable_End_Sleeve,42.13,50.34,44.67,95.96,50.47,96.28,56.07,73.97,54.53,95.65,57.67,66.22,61.53,95.31,56.27,94.65,58.87,96.43,58.80,96.09
Electronics,Coaxial_T_Adapter,66.11,88.02,53.06,89.82,49.72,88.63,50.83,66.91,58.89,89.43,50.56,82.06,59.72,89.68,68.33,91.18,58.06,90.36,74.72,94.75
Electronics,common_mode_filter,98.84,78.41,71.08,71.36,72.84,73.44,63.54,65.92,93.14,81.48,96.92,82.16,97.60,75.87,96.60,74.19,71.00,71.74,98.64,79.12
Electronics,connector,98.81,96.99,53.81,93.17,66.67,94.67,58.33,71.09,74.76,97.16,82.14,93.15,76.90,96.96,88.10,97.16,68.09,95.81,98.81,98.95
Electronics,connector_housing_female,100.00,94.24,76.50,89.51,97.68,94.21,58.79,66.99,98.44,94.89,94.32,93.69,99.47,95.35,99.47,95.94,82.12,95.93,99.97,96.54
Electronics,crimp_st_cable_mount_box,98.65,90.71,88.89,83.33,87.98,91.38,53.62,58.45,98.65,91.93,98.45,83.67,99.18,90.40,99.86,87.99,98.79,90.58,99.95,89.52
Electronics,D_Sub_Connector,55.63,46.40,65.31,96.57,53.13,98.68,55.73,75.26,61.46,98.30,62.19,94.45,48.33,98.11,61.98,98.21,65.63,98.81,74.58,98.21
Electronics,ethernet_connector,76.56,91.86,57.23,74.15,71.49,84.66,69.95,50.28,85.71,87.39,80.11,93.70,76.32,90.98,92.59,87.00,82.51,89.59,99.15,97.17
Electronics,ethernet_connector_metal,67.50,78.00,46.56,94.06,38.75,94.29,43.75,77.29,43.13,93.65,36.88,82.63,31.56,93.87,42.81,93.78,40.31,94.21,64.69,94.98
Electronics,ferrite_bead,98.37,92.78,70.05,85.18,96.93,86.47,52.77,39.70,89.06,92.88,77.89,94.79,89.63,91.58,92.00,86.81,96.10,89.09,96.70,92.44
Electronics,flat_pad,53.00,78.85,23.67,98.04,97.00,99.35,50.67,71.35,89.33,98.89,67.00,96.92,90.33,99.30,93.33,99.34,95.67,99.30,92.33,99.33
Electronics,fork_crimp_terminal,82.86,97.55,78.42,96.69,73.60,97.23,55.89,66.12,81.07,97.23,80.27,95.43,80.71,97.83,88.50,98.34,79.63,97.63,96.73,98.81
Electronics,fuse_holder,67.28,91.06,51.33,91.68,51.38,96.43,54.33,61.55,81.66,94.69,76.75,95.22,57.31,95.96,83.73,97.27,63.41,98.25,95.31,98.77
Electronics,green_pcb,55.45,86.11,46.82,92.75,41.14,95.70,46.14,71.42,36.14,95.99,46.36,93.42,42.50,93.77,50.45,96.77,36.14,97.13,77.73,98.14
Electronics,headphone_jack_socket,99.95,92.32,97.06,86.97,95.84,91.31,49.66,54.42,97.82,94.33,96.37,95.82,93.98,94.73,96.40,92.31,97.84,93.70,98.70,95.23
Electronics,humidity_sensor,88.28,90.90,89.66,93.66,78.36,93.68,44.44,55.28,89.76,95.45,82.38,87.89,87.44,94.44,89.74,93.27,89.28,93.76,92.04,94.04
Electronics,Joystick,37.45,89.84,53.33,90.04,59.61,91.83,62.16,66.31,49.22,93.26,56.27,85.28,31.57,90.47,33.53,92.53,53.33,92.35,38.24,97.01
Electronics,knob_cap,95.84,93.75,65.20,86.39,78.14,91.06,49.53,50.18,87.79,91.93,84.20,84.49,84.12,92.13,96.59,95.52,90.52,94.87,99.65,97.25
Electronics,Lamp_CL,58.40,88.94,56.80,74.92,52.60,78.69,52.00,75.84,85.60,81.15,17.80,82.42,55.00,79.03,95.80,84.51,60.80,80.28,100.00,90.44
Electronics,lattice_block_plug,97.90,92.25,61.22,68.58,66.28,72.17,64.78,59.45,78.54,75.13,91.04,91.03,60.60,78.32,82.50,79.13,80.98,78.84,88.50,88.76
Electronics,led,93.89,96.40,78.77,92.41,89.68,94.98,53.61,62.40,91.36,97.41,69.54,77.80,90.06,96.60,92.47,97.12,87.92,96.83,96.58,98.36
Electronics,led_pad,92.61,94.71,51.47,73.45,81.26,91.06,48.02,58.55,87.77,94.42,60.11,81.20,78.19,92.82,95.26,95.70,88.09,94.94,97.34,97.21
Electronics,lego_pin_connector_plate,76.74,98.77,80.17,97.42,80.65,98.75,53.94,57.48,80.56,98.91,93.91,98.39,74.89,98.94,95.10,98.97,88.66,99.09,97.55,99.31
Electronics,light,71.53,97.72,47.92,96.94,72.22,98.62,64.58,89.53,96.53,99.04,68.75,97.25,69.44,99.25,78.47,98.65,94.44,99.14,91.67,99.19
Electronics,Mains_Tester,66.67,73.98,67.05,93.50,53.64,95.69,57.09,48.49,52.49,95.11,57.85,96.85,60.92,93.19,63.75,94.67,68.20,95.40,67.92,95.51
Electronics,miniature_lifting_motor,93.60,90.23,76.84,89.07,31.80,89.68,54.72,53.50,38.00,87.13,49.16,88.97,82.76,89.40,78.40,90.64,39.72,90.63,88.64,93.35
Electronics,Motor_CL,57.83,82.03,55.04,86.76,62.58,88.38,50.06,61.73,56.05,88.36,50.15,84.44,63.65,87.96,62.98,90.57,64.21,88.80,76.76,92.20
Electronics,pcb,72.69,96.91,65.17,88.72,59.90,91.04,51.45,69.83,66.94,92.67,60.58,91.28,74.08,96.78,74.65,94.89,62.38,94.28,87.48,97.82
Electronics,PCB_Group_00041,82.65,91.78,33.87,76.94,48.30,88.90,53.65,57.69,66.83,89.90,73.00,82.38,62.52,87.90,76.04,91.30,48.09,90.71,88.04,95.97
Electronics,PCB_Group_12100,65.33,89.16,48.67,72.82,42.73,86.55,45.27,57.66,62.93,85.31,81.93,78.17,68.07,85.62,84.30,88.47,52.01,88.50,92.88,94.46
Electronics,PCB_Group_12300,73.67,85.60,45.61,68.49,61.22,83.31,42.14,54.89,78.47,82.20,83.47,75.21,74.39,82.24,71.43,85.22,63.78,84.85,87.45,92.90
Electronics,PCB_Group_13000,68.82,89.90,38.00,78.84,54.91,86.54,48.59,60.12,73.14,88.05,78.23,82.08,56.36,85.15,77.55,91.49,51.73,87.94,93.14,95.51
Electronics,PCB_Group_20085,54.79,87.73,50.67,78.88,55.27,88.31,45.58,54.58,64.03,86.58,75.03,79.11,63.58,87.39,65.36,90.44,54.61,89.18,81.24,94.37
Electronics,PCB_Group_44000,85.00,92.23,59.60,85.78,88.80,93.89,52.70,58.11,97.00,92.63,76.40,86.91,97.20,92.95,99.00,94.54,84.70,94.85,100.00,96.66
Electronics,PCB_Group_50600,89.72,95.75,59.34,82.34,87.03,93.22,42.56,58.37,96.68,91.77,69.46,82.41,90.98,93.27,94.30,93.13,81.17,93.77,99.84,96.71
Electronics,PCB_Group_77000,87.45,96.53,51.64,91.22,71.64,96.19,41.18,64.52,83.45,95.33,90.27,88.86,77.18,94.83,91.45,96.10,85.36,96.39,98.82,97.94
Electronics,PCB_Group_90100,65.54,81.65,47.80,75.06,49.16,81.30,48.31,55.73,52.70,80.07,80.91,78.06,52.53,81.31,55.91,85.68,57.94,82.79,60.81,91.87
Electronics,PCB_Group_92000,100.00,97.45,71.17,87.20,74.50,96.43,59.00,60.38,100.00,94.83,80.92,78.25,99.58,95.88,100.00,95.32,75.17,97.26,100.00,97.45
Electronics,pcb1,90.30,98.40,72.78,92.66,73.99,84.88,47.59,68.23,95.43,92.04,65.73,84.03,96.12,96.47,98.41,99.01,80.82,94.60,99.12,99.52
Electronics,pcb2,87.91,91.38,66.10,91.42,70.29,92.95,49.09,58.48,81.76,96.81,67.71,88.40,94.93,97.04,95.87,97.47,86.54,96.16,98.44,98.14
Electronics,pcb3,90.53,97.58,71.92,93.33,84.65,93.72,50.40,61.40,83.77,95.38,78.30,91.49,90.81,96.52,92.86,97.44,90.59,95.79,96.09,98.59
Electronics,phone_battery,73.65,90.92,51.35,91.49,62.22,95.59,51.53,67.02,84.58,96.86,68.70,91.92,77.96,97.63,91.40,98.36,81.46,97.77,95.71,98.82
Electronics,plastic_plug,77.34,90.81,55.98,94.47,62.73,96.72,48.63,59.55,75.88,95.19,71.79,88.53,74.78,97.01,79.09,97.11,78.38,98.00,85.08,97.77
Electronics,power_inductor,72.95,87.78,56.21,81.78,68.53,86.53,45.38,63.27,70.77,89.80,59.17,82.15,72.23,89.05,78.57,91.66,70.93,90.62,86.94,93.98
Electronics,regulator,49.32,83.26,59.59,88.73,61.93,93.01,47.35,69.55,51.55,90.87,55.85,91.97,56.73,93.94,61.26,95.81,58.95,94.48,70.99,97.13
Electronics,Ring_Cable_Lug,58.86,73.52,50.45,92.90,51.97,93.25,51.67,65.88,56.97,94.48,69.85,76.47,58.03,93.06,77.42,93.94,58.18,93.25,82.20,94.79
Electronics,Rotary_Encoder,46.12,74.33,51.29,91.01,57.76,92.41,50.00,81.00,57.33,93.75,50.43,90.02,61.21,91.15,59.48,95.06,54.74,92.39,69.40,96.82
Electronics,sim_card_set,91.49,97.79,51.21,93.12,73.44,96.03,58.00,65.90,93.73,91.86,86.89,97.22,93.40,97.89,95.74,95.86,83.52,96.25,97.84,97.23
Electronics,Socket_Housing,58.55,86.21,61.45,85.59,47.26,83.96,44.84,64.52,63.71,86.76,55.81,67.53,56.13,86.08,69.52,87.16,58.71,85.57,75.97,90.41
Electronics,splicing_connectors,67.01,78.05,65.80,57.12,54.46,54.50,45.51,47.43,74.00,69.15,60.39,58.41,73.60,63.32,81.85,62.60,65.67,60.91,87.13,66.10
Electronics,switch,77.64,93.39,52.87,84.60,70.43,89.58,48.93,70.46,74.53,90.19,64.68,83.22,75.59,91.94,89.40,95.08,74.33,91.66,95.53,97.38
Electronics,telephone_spring_switch,63.50,92.09,39.41,85.55,46.75,83.98,48.86,54.53,61.18,81.15,58.59,79.17,58.72,80.97,72.85,89.46,54.75,89.01,91.68,96.25
Electronics,terminal,69.99,89.87,55.47,81.31,70.45,91.99,54.24,64.39,79.00,93.59,52.78,70.55,67.94,94.07,85.32,94.18,73.36,94.52,91.73,96.36
Electronics,terminalblock,85.79,93.66,62.03,96.17,77.59,98.36,49.99,61.00,85.85,98.33,77.61,96.43,93.99,98.86,94.22,99.35,87.45,99.08,97.69,99.65
Electronics,thin_resistor,90.28,92.71,77.41,91.60,82.69,92.97,56.23,71.14,81.66,92.42,50.34,61.13,77.38,91.03,91.40,94.79,90.03,95.28,94.17,96.09
Electronics,transistor,95.54,88.90,68.39,71.09,66.96,72.07,50.63,50.44,79.73,81.93,87.05,73.52,82.77,77.68,92.50,81.84,81.25,83.14,98.30,88.91
Electronics,transistor1,88.11,95.03,57.81,94.28,67.61,95.29,53.77,70.21,73.14,96.14,60.22,91.11,78.43,97.35,85.93,98.37,80.09,97.34,94.97,98.94
Electronics,type_c,85.72,94.90,54.61,85.80,74.14,92.13,53.54,64.85,85.67,93.87,53.72,81.75,75.78,93.57,94.12,94.73,82.37,94.81,96.29,96.22
Electronics,u_block,81.03,97.02,69.03,94.78,82.39,98.74,51.71,71.63,72.21,98.12,64.35,95.61,75.67,98.72,75.25,97.42,86.29,98.97,87.94,98.59
Electronics,usb,74.04,91.89,56.13,90.61,62.70,91.89,51.97,56.04,66.39,92.78,63.35,89.32,76.56,96.28,77.05,96.15,66.98,94.27,89.57,98.38
Electronics,usb_adaptor,75.75,83.35,54.48,87.06,57.12,88.37,55.30,70.49,86.73,83.09,77.76,94.36,70.85,92.84,82.38,93.55,64.74,92.27,90.94,96.63
Electronics,USB_CL,27.03,90.45,50.17,92.33,54.33,95.39,50.64,65.99,51.96,95.32,61.40,95.72,60.23,95.67,76.54,96.47,58.02,96.00,80.27,97.88
Electronics,Vibration_Sensor,69.17,69.81,57.50,93.52,56.25,93.14,57.92,51.98,58.75,93.75,58.33,65.15,65.42,93.07,52.50,94.11,56.67,93.40,67.92,95.21
Electronics,wafer_resistor,90.88,97.47,71.15,90.03,70.94,90.11,48.10,62.72,88.01,95.64,59.18,77.63,82.89,95.13,94.32,96.76,85.42,94.34,95.82,97.96
Electronics,wire_cap,73.01,91.60,67.28,88.03,67.97,88.89,52.88,64.23,79.34,91.08,73.97,80.25,67.19,89.10,79.84,93.49,73.00,90.82,87.91,96.25
Industry,AI,91.27,86.75,62.22,84.07,58.65,70.45,48.89,61.50,98.41,87.02,58.02,56.99,55.79,81.30,99.84,91.37,87.06,80.87,99.84,92.25
Industry,Aluminium_Plate,89.69,84.84,65.94,83.98,93.13,94.24,52.97,73.11,77.66,94.85,87.34,66.62,86.09,93.85,97.81,96.59,90.47,95.29,99.53,97.41
Industry,Amphora_IL,84.47,97.72,59.77,93.46,87.38,95.95,56.98,66.07,72.72,93.97,63.23,94.47,92.08,96.44,82.05,96.81,90.85,96.62,91.83,97.83
Industry,Axletree_CL,68.55,94.74,52.48,94.49,82.34,96.82,58.99,72.42,82.90,97.18,70.87,88.36,75.36,96.55,83.89,97.36,62.30,97.09,88.61,98.19
Industry,Bearing_IL,81.75,97.50,63.83,94.00,87.29,98.25,46.18,81.06,80.90,97.37,62.05,95.57,87.48,98.46,85.90,97.55,93.28,98.54,91.83,98.57
Industry,black_toothbrush,73.75,95.07,47.50,98.48,43.75,99.15,47.50,89.24,63.33,99.20,33.75,97.24,72.50,99.23,86.25,98.89,53.75,99.20,94.58,99.36
Industry,blackhead_toothbrush,82.69,89.99,59.28,91.27,71.36,93.61,51.14,74.47,63.66,94.21,76.08,85.95,76.30,95.05,82.44,96.51,75.62,95.21,87.93,96.97
Industry,Blotchy_099,100.00,98.66,98.00,98.45,86.94,92.87,77.00,78.65,96.19,94.39,85.94,93.39,94.69,94.71,98.63,98.22,94.13,95.36,100.00,99.16
Industry,blue_white_capsule,83.81,68.19,72.38,67.73,75.91,79.76,47.25,56.41,86.92,86.42,72.76,77.81,76.19,83.53,91.06,86.11,87.18,84.25,95.01,87.53
Industry,Bone_Pliers,67.76,86.92,63.57,98.37,71.92,99.37,53.80,74.64,62.86,99.10,47.47,97.71,75.81,99.54,72.55,99.30,85.72,99.67,85.56,99.67
Industry,Box_CL,84.16,98.20,55.93,95.49,78.26,98.16,55.16,60.98,79.62,97.73,80.68,92.75,77.61,97.84,83.07,98.12,62.01,97.95,91.68,98.65
Industry,bracket_black,64.03,95.03,34.04,92.25,65.03,95.99,51.60,71.05,67.15,93.22,54.59,92.51,62.50,92.05,68.15,94.47,62.77,95.96,77.13,96.38
Industry,bracket_brown,69.23,90.27,74.81,96.01,43.06,95.49,50.45,73.25,56.86,95.83,42.16,83.30,46.30,93.53,66.82,96.40,55.58,94.60,87.25,98.13
Industry,bracket_white,63.44,99.45,18.56,86.72,61.67,88.02,49.56,56.93,52.22,91.46,65.89,96.98,57.11,90.00,48.89,89.04,71.11,90.06,73.33,95.92
Industry,button,91.79,96.84,75.40,95.87,90.86,98.19,48.69,64.75,89.23,98.41,75.95,91.37,90.15,98.36,92.01,98.42,88.83,98.74,91.80,98.55
Industry,Can_CL,94.14,99.31,83.97,97.31,90.57,98.55,62.13,73.98,84.19,97.95,89.10,97.95,93.11,98.54,85.22,98.18,91.36,98.69,96.93,98.74
Industry,candle,86.19,91.96,84.71,98.69,85.77,97.88,54.32,70.94,76.63,91.54,77.79,93.98,90.64,97.79,91.34,98.56,88.79,98.40,94.61,98.92
Industry,carpet,98.62,97.68,99.75,97.38,93.26,97.80,65.17,64.54,99.86,98.94,96.30,95.36,99.71,99.23,100.00,98.68,98.91,99.25,100.00,99.09
Industry,Chain_CL,64.89,90.13,55.16,97.25,56.43,98.32,51.47,67.58,66.63,98.31,66.74,95.26,74.08,98.40,81.54,98.48,60.96,97.72,87.68,98.59
Industry,copper_standoff,85.49,94.97,70.06,89.45,85.96,93.76,53.70,64.51,83.33,92.58,56.41,76.67,88.40,95.14,89.55,95.13,90.42,95.54,93.78,96.74
Industry,Copper_Stator,63.97,83.85,50.30,78.65,57.68,90.22,56.32,64.99,60.10,83.28,65.38,77.22,71.40,88.96,72.75,88.77,61.22,92.02,70.60,92.05
Industry,cotton,100.00,97.58,83.33,97.16,66.67,94.56,65.28,68.45,91.67,94.16,91.67,92.40,88.89,92.90,100.00,93.38,88.89,95.21,100.00,95.80
Industry,cube,87.88,97.13,84.60,93.15,90.66,98.99,57.32,71.84,98.99,97.53,77.78,95.86,97.47,97.60,99.49,97.33,98.99,99.29,99.49,98.31
Industry,Cube_CL,98.54,99.42,51.74,95.23,93.00,98.35,51.95,82.17,87.78,98.82,58.85,95.64,99.54,99.52,98.79,99.38,99.00,99.21,99.96,99.64
Industry,Cup_CL,99.33,99.03,46.50,94.38,66.33,96.06,48.62,59.32,68.82,97.63,67.34,96.44,69.53,97.46,93.03,98.77,73.50,97.77,95.82,99.42
Industry,Cylinder_Screw,68.62,87.69,43.88,94.21,67.38,96.25,54.50,79.88,62.50,95.86,64.25,88.36,80.25,96.18,88.50,98.51,76.00,97.58,95.75,99.14
Industry,Damper_Large,80.20,96.55,68.00,94.08,66.60,94.13,56.20,75.03,74.40,97.25,64.40,85.10,65.40,94.33,89.20,97.38,75.00,95.63,100.00,98.41
Industry,Damper_Small,75.86,96.08,47.53,98.31,90.75,99.39,43.70,74.14,81.34,99.31,28.79,82.96,84.37,99.60,83.10,99.25,89.31,99.38,90.86,99.57
Industry,dark_zipper,95.79,95.15,47.37,95.54,18.95,93.25,49.47,71.41,88.95,97.53,26.84,84.81,63.16,95.12,97.89,98.08,50.00,96.68,100.00,98.62
Industry,darkgray_leather,100.00,84.12,99.73,81.85,100.00,82.67,87.47,61.43,100.00,87.67,52.56,61.76,100.00,78.83,100.00,89.01,100.00,87.33,100.00,91.07
Industry,darkgray_Steel,99.87,83.09,99.60,84.43,96.41,78.60,87.05,64.70,99.32,79.06,50.56,64.14,98.61,78.98,100.00,84.23,99.65,77.82,100.00,86.13
Industry,darkgray_tile,100.00,78.10,90.79,59.96,85.08,68.16,61.36,62.92,100.00,85.84,45.24,43.24,97.80,75.25,100.00,90.54,100.00,85.54,100.00,89.86
Industry,dowel,67.28,96.66,62.61,95.37,66.62,98.23,44.26,71.42,72.11,97.92,35.44,78.29,68.10,98.29,86.87,99.11,82.44,98.98,93.52,99.60
Industry,Drill,62.86,71.74,64.76,98.19,60.70,99.46,51.96,61.23,59.58,99.14,49.41,98.28,59.71,99.34,63.97,98.97,63.95,99.45,66.86,99.01
Industry,end_cap,72.44,90.24,68.20,89.42,64.68,92.47,47.78,61.65,63.71,88.31,64.43,91.58,66.45,93.78,77.80,95.78,71.41,93.16,84.02,97.38
Industry,engine_wiring,79.60,94.60,54.10,45.54,49.83,48.07,57.02,52.66,70.13,75.71,59.95,60.67,78.37,57.34,78.54,84.25,50.37,72.06,82.70,90.18
Industry,eraser,78.03,92.96,79.11,96.87,76.16,98.94,48.31,75.06,70.40,96.86,77.24,95.08,74.42,98.29,83.93,97.63,85.33,99.00,89.87,98.50
Industry,fabric,49.92,60.46,55.24,49.40,41.32,56.87,44.83,59.16,48.40,57.70,38.58,54.98,56.05,55.02,63.64,78.81,45.34,57.74,75.47,84.69
Industry,Fibrous_183,96.19,96.33,90.00,94.60,80.13,90.02,71.31,73.98,99.50,98.42,91.88,96.18,96.06,95.44,100.00,98.82,91.38,96.17,99.94,99.43
Industry,Filter_IL,91.77,99.57,78.41,98.97,98.06,99.62,52.62,83.81,99.48,99.81,56.58,97.89,99.40,99.80,96.78,99.77,56.45,97.99,99.06,99.82
Industry,fire_hood,76.18,95.27,81.57,96.06,78.36,97.39,51.72,73.18,75.06,96.22,79.61,95.55,76.66,96.56,73.04,96.71,77.82,97.52,77.46,97.43
Industry,flat_nut,92.47,96.70,57.44,90.98,80.56,94.89,53.43,64.37,81.55,94.71,49.63,83.31,77.48,96.21,92.50,97.21,81.67,97.07,94.74,97.83
Industry,foam,61.16,96.35,69.57,74.74,64.14,89.68,53.32,61.17,72.67,92.21,65.95,86.51,77.80,92.46,76.90,94.52,76.72,92.69,79.78,95.07
Industry,gear,73.64,87.69,55.84,65.11,82.31,81.69,56.19,58.51,89.29,93.16,67.23,55.62,87.26,90.06,90.01,92.99,88.63,91.34,96.25,95.54
Industry,Gear_CL,92.69,94.33,85.94,91.81,85.23,89.26,50.64,59.59,77.88,91.89,64.11,85.30,79.82,91.24,90.22,92.18,85.98,92.12,97.95,94.64
Industry,grey_cloth,99.23,97.75,97.65,96.56,87.97,94.73,71.73,76.31,98.41,97.48,79.83,70.27,97.16,96.62,99.73,97.36,97.05,96.84,99.95,97.83
Industry,grid,89.53,87.12,72.05,90.16,72.47,96.60,47.55,44.75,99.33,98.35,94.68,95.07,99.46,98.50,100.00,98.93,94.80,98.05,100.00,99.10
Industry,grid_cloth,87.07,95.25,67.09,90.71,67.20,91.55,49.78,50.72,91.14,94.15,78.09,82.54,88.04,95.62,96.73,98.20,80.38,97.23,97.55,98.80
Industry,Hose_Screw_Fitting,49.57,93.19,25.43,89.84,39.22,92.75,46.55,79.09,76.72,93.19,62.50,84.78,67.67,93.74,90.09,96.94,34.48,94.31,85.78,98.49
Industry,Iron_Stator,59.11,76.98,48.84,71.25,51.41,72.82,50.51,51.31,50.75,76.08,55.24,72.19,51.95,73.97,55.34,78.63,53.75,75.15,61.27,84.61
Industry,Joint_CL,90.69,93.25,64.80,95.45,28.73,93.00,43.53,67.81,31.77,93.78,57.55,84.43,51.37,92.17,49.61,93.58,54.31,92.67,52.55,94.90
Industry,Keyring_CL,79.16,97.81,63.58,96.03,66.73,97.80,56.68,62.41,70.01,97.14,46.56,85.62,65.90,97.74,88.84,98.24,46.96,97.48,96.79,98.65
Industry,leather,100.00,99.32,100.00,98.43,97.40,98.70,59.78,57.20,100.00,99.11,100.00,99.38,99.92,99.32,100.00,98.03,99.96,99.14,100.00,98.87
Industry,lego_propeller,100.00,83.11,80.05,85.52,100.00,85.14,77.12,72.65,100.00,84.71,76.24,93.37,100.00,81.36,99.71,87.08,100.00,84.61,100.00,85.76
Industry,Lighter_CL,95.85,96.66,43.14,96.63,77.96,96.13,53.86,71.80,91.91,97.57,68.19,87.76,81.16,97.08,99.63,98.11,43.76,94.51,100.00,98.72
Industry,long_button,85.52,91.14,63.29,83.34,64.75,87.84,49.14,67.46,75.71,90.82,59.40,74.48,67.76,90.67,72.69,87.54,78.59,91.34,85.70,90.78
Industry,Marbled_078,97.69,98.10,96.50,97.70,79.31,95.23,77.63,73.08,94.88,96.67,87.88,89.54,84.50,92.84,92.87,95.83,94.94,97.13,99.06,98.87
Industry,Matted_069,95.00,98.48,80.32,95.18,79.11,89.85,70.06,74.80,83.54,93.61,91.58,86.90,88.67,88.71,96.58,93.75,82.15,94.16,98.92,98.95
Industry,Mesh_114,75.87,78.83,58.99,73.16,57.74,87.76,48.19,45.55,95.52,97.08,82.85,91.39,88.89,93.47,97.29,98.90,71.15,89.42,98.78,99.35
Industry,metal_nut,97.46,96.64,55.01,75.31,70.37,74.55,48.56,63.25,92.09,86.92,84.60,53.32,89.94,83.53,96.99,90.81,91.36,86.07,99.74,93.39
Industry,metal_plate,88.52,94.85,59.70,86.66,88.19,94.67,37.70,62.06,100.00,98.58,95.72,95.50,99.24,97.01,96.53,95.92,96.26,96.20,99.73,97.98
Industry,metal_screw,92.90,96.73,65.81,98.92,76.45,98.89,42.58,86.77,75.81,98.58,23.55,98.58,60.65,98.68,88.06,98.54,79.36,98.82,100.00,98.94
Industry,Metal_Surface_Defect_1,82.14,92.95,60.33,78.31,66.70,83.81,53.46,52.27,82.64,91.69,49.29,55.79,78.24,85.85,93.90,93.74,81.98,86.83,94.95,95.26
Industry,Metal_Surface_Defect_2,75.64,91.77,83.79,92.86,81.78,93.13,64.12,63.26,90.67,96.59,84.07,78.32,90.07,94.80,91.72,96.71,89.07,96.02,93.27,97.52
Industry,mounts,86.32,91.33,76.05,98.25,83.85,97.78,50.99,74.93,77.88,95.89,75.35,97.24,82.24,97.86,82.30,97.79,80.33,96.79,89.73,98.38
Industry,MT,93.79,62.35,88.85,71.79,70.49,67.39,65.17,59.75,88.99,59.31,45.45,45.45,87.03,65.40,96.42,75.33,79.39,73.53,99.12,75.03
Industry,Neon_Ring_Pattern,94.92,95.93,97.48,96.21,99.53,98.41,51.16,57.70,97.86,97.64,88.14,90.58,97.96,97.61,98.39,97.72,99.15,98.20,99.34,97.84
Industry,nut,74.80,81.35,88.86,98.40,78.52,99.18,47.22,80.52,78.78,98.93,46.95,95.64,66.31,99.13,88.86,99.04,85.41,99.30,98.14,99.32
Industry,nut_cap,72.94,86.57,72.88,81.14,70.08,92.09,55.39,62.12,77.30,94.80,53.98,74.05,66.08,93.11,75.20,94.69,70.11,93.84,78.52,96.64
Industry,Oval_Ring_Pattern,77.24,96.02,76.05,92.13,77.91,96.28,58.21,60.49,80.39,96.88,88.84,92.33,80.81,96.90,84.00,96.48,83.28,96.91,100.00,99.52
Industry,Pan_Screw,56.79,64.85,47.93,98.01,58.64,98.89,49.49,83.08,64.24,98.52,57.05,92.23,50.25,98.79,61.89,99.08,50.91,99.03,68.37,99.21
Industry,Paperclip,79.79,84.84,70.63,96.38,68.32,97.58,59.08,66.90,83.99,97.86,83.22,71.14,73.29,97.70,90.33,97.72,83.99,97.93,98.72,98.14
Industry,PaperCup_CL,88.29,96.08,49.39,96.36,50.85,96.05,59.82,77.04,60.61,96.46,52.68,94.46,61.28,96.56,77.07,98.55,59.33,96.25,90.61,98.97
Industry,Parts_CL,72.53,95.49,50.22,96.54,54.65,96.01,50.33,63.35,49.10,94.94,46.43,93.35,71.70,95.61,63.42,96.15,62.00,96.22,70.97,97.09
Industry,Perforated_037,90.31,88.59,80.31,84.92,69.88,91.30,51.81,48.79,95.38,95.45,94.63,87.49,86.44,87.47,100.00,99.37,85.56,91.81,100.00,99.47
Industry,Picker_CL,47.37,94.08,46.68,93.33,51.30,96.35,48.47,52.36,53.35,95.59,55.47,89.43,56.77,96.18,60.08,96.69,53.25,97.10,71.48,97.68
Industry,piggy,93.39,96.05,34.77,88.75,49.71,94.94,47.13,80.91,84.19,96.03,90.81,91.81,69.83,94.62,94.54,96.06,64.66,96.63,100.00,97.47
Industry,pink_flower,71.58,99.47,54.40,72.15,61.91,74.47,45.02,48.26,50.00,88.02,50.10,81.22,56.15,87.72,64.36,97.04,49.61,84.51,67.29,99.14
Industry,Pipe_Clamp,57.76,86.98,25.00,83.18,71.55,80.34,41.81,66.41,60.34,81.57,68.53,56.70,50.86,84.59,79.31,80.86,50.43,80.57,84.91,85.76
Industry,pipe_clip,53.92,90.38,53.19,52.72,47.58,75.41,49.89,54.95,62.55,77.44,45.65,68.42,49.10,77.44,72.28,88.80,45.04,82.45,81.26,93.59
Industry,pipe_staple,85.84,85.97,62.42,40.83,56.24,66.81,49.42,47.17,79.82,93.32,41.24,62.69,65.68,85.48,78.84,91.71,52.90,72.59,96.47,94.52
Industry,plastic_cylinder,92.35,88.38,77.06,98.23,93.53,99.05,52.94,70.37,92.94,99.06,86.47,97.70,95.88,99.36,98.24,99.60,95.88,99.10,99.41,99.57
Industry,plastic_nut,77.86,94.92,55.79,88.60,68.09,92.74,51.97,60.94,73.21,93.41,81.27,95.09,76.45,95.97,76.58,97.09,76.32,96.04,84.61,98.63
Industry,plastic_screw,59.38,77.55,62.55,70.43,63.69,85.64,49.65,59.26,81.26,92.81,51.03,74.96,69.40,90.26,82.30,92.83,66.37,90.79,90.80,95.64
Industry,porcelain_doll,69.83,78.11,73.09,97.43,80.52,98.65,52.56,53.60,88.95,98.68,63.60,93.98,85.75,99.09,90.24,98.52,88.81,98.54,93.03,98.61
Industry,purple_clay_pot,85.04,97.96,63.76,96.05,69.66,96.14,44.46,51.51,64.06,97.74,80.54,92.85,51.12,97.63,79.46,98.28,79.24,98.16,84.20,99.06
Industry,pushpins,71.83,78.14,62.59,34.05,58.34,38.52,48.05,48.93,65.80,42.83,54.02,45.80,59.75,42.19,68.69,52.60,67.84,43.19,73.04,56.51
Industry,red_washer,95.19,96.63,94.59,97.67,92.01,98.20,49.63,64.77,96.00,98.20,74.30,93.23,94.40,98.62,95.15,97.10,94.34,98.52,96.81,97.63
Industry,red_white_capsule,67.38,98.66,86.11,98.68,79.44,99.24,38.89,74.89,78.06,99.13,88.61,98.04,85.00,99.32,80.79,98.70,85.28,99.43,89.94,99.07
Industry,Redon_Needle,69.53,86.43,59.35,98.11,91.24,99.37,47.22,66.24,81.41,99.22,53.37,95.76,91.56,99.46,95.18,99.49,75.00,99.16,98.79,99.58
Industry,Retractor,70.93,85.03,57.69,97.70,74.53,98.51,49.43,74.85,82.02,98.40,68.27,97.00,81.76,98.77,87.84,98.95,88.93,98.81,93.07,99.38
Industry,Robust,85.63,78.80,91.36,82.78,91.67,81.41,60.78,69.14,81.17,82.46,36.03,76.55,95.12,89.50,89.23,78.33,92.29,84.32,94.88,83.56
Industry,rolled_strip_base,86.51,94.81,88.85,98.38,91.89,98.86,51.55,73.19,92.38,99.09,80.90,97.80,86.86,98.73,96.58,99.39,96.05,99.41,99.00,99.58
Industry,rope,70.54,95.73,90.36,98.56,79.16,98.48,50.73,59.06,97.10,98.85,88.09,96.31,98.82,99.38,99.14,99.49,92.05,99.45,99.41,99.53
Industry,round_button_cap,91.09,95.73,71.22,91.07,76.13,94.01,53.01,61.07,90.85,96.85,67.90,86.87,80.58,95.97,89.15,96.29,75.99,95.36,94.91,97.64
Industry,Saw_Blade,66.67,79.44,54.02,96.17,45.98,97.43,46.74,55.77,38.31,97.31,56.25,77.07,48.66,95.79,47.08,97.90,50.96,95.34,50.83,98.51
Industry,screw,68.95,83.31,45.95,94.23,70.09,97.46,55.17,74.66,66.09,97.35,66.27,88.42,71.16,97.72,88.30,98.70,76.70,98.27,94.84,99.21
Industry,screw_bag,56.75,76.06,47.74,59.42,60.23,63.59,48.30,56.56,56.62,70.15,53.38,58.32,52.06,68.61,65.16,67.68,54.20,67.83,64.85,69.91
Industry,Section_CL,87.33,99.77,64.67,96.65,84.83,98.63,54.11,76.22,75.23,98.43,85.58,93.23,86.80,98.67,92.91,98.54,36.28,96.62,98.28,98.66
Industry,Self_Tapping_Bolt,77.23,92.28,50.30,96.22,69.80,98.04,45.80,74.58,83.80,98.37,56.37,97.49,79.10,98.10,97.80,98.64,89.80,98.57,98.63,98.94
Industry,Shaft_CL,89.06,98.23,71.38,98.03,85.84,98.33,50.21,66.05,77.15,97.92,80.55,96.26,89.06,98.98,88.34,98.80,54.39,97.58,98.11,99.31
Industry,sheet_metal,73.06,97.41,51.42,77.07,63.50,54.13,46.40,55.46,54.49,56.99,71.06,56.27,71.87,35.94,73.33,66.37,67.59,54.93,75.83,74.72
Industry,short_button,76.69,90.19,52.09,82.43,63.31,88.65,52.78,64.47,73.73,90.80,59.33,63.24,69.42,89.85,66.63,91.14,72.60,92.45,78.96,94.29
Industry,Spray_can_CL,97.33,98.84,52.61,97.40,88.61,99.06,54.59,69.60,90.15,98.78,97.11,97.58,89.21,98.84,98.50,98.53,49.83,98.89,100.00,98.73
Industry,Spring_CL,75.89,89.81,64.41,90.47,61.66,89.61,55.50,71.58,63.61,91.14,55.24,69.29,66.90,90.39,68.95,91.92,54.78,89.25,85.42,94.15
Industry,spring_pad,75.42,94.70,33.60,98.83,84.58,99.71,47.43,82.53,78.66,99.38,74.31,96.17,79.05,99.71,87.92,99.60,84.78,99.79,94.78,99.71
Industry,Sprockets_CL,54.46,90.65,46.18,88.35,54.85,88.24,53.80,71.72,58.62,87.83,46.99,83.37,57.25,89.22,66.27,90.06,59.86,89.03,79.88,91.46
Industry,square_button_cap,94.42,96.55,81.42,90.41,83.57,95.06,53.13,64.64,92.53,95.99,82.96,81.45,88.70,95.72,90.49,96.30,87.31,96.10,96.96,97.60
Industry,Stratified_154,97.63,96.53,96.56,96.93,88.44,98.10,64.88,45.45,98.50,99.34,94.06,92.25,94.31,98.29,97.38,98.89,95.00,98.85,99.25,99.16
Industry,Tack,78.94,49.91,70.69,98.32,66.37,98.26,51.52,73.31,81.90,98.46,76.04,77.85,72.43,98.19,77.52,98.11,35.28,97.70,86.16,98.75
Industry,tank_screw,61.83,97.18,53.88,65.77,47.99,65.67,51.23,54.49,44.84,67.92,45.07,70.54,47.55,78.91,54.64,93.76,48.54,69.74,58.62,97.01
Industry,tape,86.72,97.16,81.51,97.05,87.36,98.62,50.30,71.93,90.56,98.25,68.12,92.34,91.04,98.89,95.47,99.17,93.30,99.06,98.29,99.19
Industry,Teapot_IL,65.64,93.87,46.71,90.27,67.90,91.53,48.49,73.76,66.38,91.43,55.47,76.77,73.57,91.82,69.29,93.91,68.48,92.50,77.13,95.83
Industry,Textile_Fabric,56.09,89.03,73.40,82.10,63.07,84.10,58.11,51.55,69.54,81.78,54.33,40.66,65.92,81.55,84.08,91.91,66.20,81.66,88.24,92.87
Industry,Textile_Vertical_Lines,99.06,97.01,91.63,96.28,98.17,97.87,61.50,67.32,98.61,98.06,83.04,94.83,96.80,97.33,99.75,99.24,99.67,98.72,84.93,96.78
Industry,Texture_1,69.66,84.36,65.92,83.05,54.33,83.13,51.33,58.91,56.00,76.40,94.46,85.46,90.51,90.73,99.43,92.89,61.59,87.68,99.81,93.49
Industry,Texture_10,96.20,95.06,65.84,93.66,85.55,97.75,49.12,54.23,94.14,96.71,83.64,90.20,96.97,99.14,100.00,99.14,87.24,97.57,100.00,99.49
Industry,Texture_2,99.95,97.44,94.91,98.70,93.30,98.85,52.35,66.28,99.96,98.68,87.51,91.89,97.95,98.73,100.00,99.24,99.74,99.43,100.00,99.65
Industry,Texture_3,56.27,79.42,68.86,81.56,49.15,80.18,54.68,74.60,77.03,88.85,66.64,71.81,68.36,88.63,96.41,97.43,56.94,86.14,99.03,98.39
Industry,Texture_4,97.76,97.35,58.72,91.83,64.34,94.82,47.30,49.48,98.31,94.59,89.69,82.19,98.26,99.01,100.00,98.25,92.53,98.36,100.00,99.13
Industry,Texture_5,76.29,84.65,83.21,87.33,84.86,94.62,52.24,61.70,67.09,80.50,85.48,79.75,76.31,89.24,100.00,99.11,94.21,96.76,100.00,99.50
Industry,Texture_6,98.85,95.19,89.12,94.01,68.31,73.66,64.23,59.20,98.23,92.79,45.70,54.16,86.81,85.68,100.00,97.47,64.23,72.82,100.00,97.81
Industry,Texture_7,96.40,90.18,56.59,78.39,54.32,81.39,51.44,64.88,98.08,92.01,82.27,76.75,98.80,88.88,100.00,97.11,73.44,89.61,100.00,98.07
Industry,Texture_8,47.33,73.69,40.15,56.88,60.21,87.86,49.09,60.20,56.91,73.60,93.87,90.52,63.47,84.19,95.72,98.16,68.81,89.43,95.66,98.80
Industry,Texture_9,96.95,99.28,97.26,99.20,61.42,96.76,51.44,52.13,84.82,97.04,51.62,64.15,62.54,90.29,96.17,99.52,73.53,96.97,99.03,99.73
Industry,Threaded_Fitting,57.48,84.05,58.12,96.23,42.41,97.76,58.76,77.93,42.20,97.68,56.41,93.87,39.21,96.87,40.06,96.09,44.98,97.90,41.88,96.94
Industry,tile,98.19,94.28,86.02,83.36,89.20,85.28,68.52,74.41,99.91,95.98,89.20,92.56,96.34,91.62,99.43,96.12,98.68,95.91,99.82,96.52
Industry,tire,48.62,74.08,48.19,93.37,57.51,95.75,48.62,72.22,82.38,93.14,62.41,81.25,46.79,97.56,77.74,98.39,62.71,96.69,86.68,99.33
Industry,toothbrush,93.33,96.18,67.92,91.13,95.00,95.77,47.92,80.75,92.08,98.66,81.25,96.80,80.00,97.19,97.92,98.66,95.42,97.52,99.58,99.06
Industry,toy,69.56,81.95,55.23,85.31,57.04,87.66,50.05,61.94,59.69,86.74,63.47,81.77,68.64,90.78,69.32,87.59,56.84,89.63,77.64,90.51
Industry,toy_brick,70.58,95.34,63.40,94.05,56.35,93.89,49.53,68.73,64.21,90.98,66.96,91.13,65.34,92.41,60.03,89.63,61.24,94.03,65.72,93.66
Industry,transparent_zipper,93.68,97.06,83.08,96.54,61.43,96.84,51.52,65.50,97.22,97.96,86.16,89.98,97.61,98.72,99.83,98.83,79.88,98.02,99.92,99.10
Industry,tubes,83.83,97.70,59.87,88.71,49.64,94.44,53.99,67.22,60.55,95.62,58.51,86.96,53.49,96.32,71.47,97.73,59.56,96.28,90.99,99.03
Industry,underbody_pipes,99.80,97.77,83.25,57.02,81.12,65.00,51.60,50.37,89.10,95.83,88.67,83.21,93.36,81.38,94.43,97.57,88.81,91.42,98.40,98.53
Industry,underbody_screw,95.78,99.47,38.59,94.53,66.22,94.04,47.41,55.18,75.93,96.49,38.22,83.85,83.70,98.78,93.48,99.44,82.81,99.12,99.93,99.83
Industry,Valve_Handle_Blue,61.98,90.73,69.27,94.79,55.21,96.91,43.75,64.35,54.69,95.70,45.83,95.46,55.73,95.70,77.08,98.06,52.60,96.85,92.19,99.15
Industry,Valve_Handle_Red,58.24,89.46,50.50,96.26,38.50,97.02,61.00,78.29,57.00,96.47,73.50,95.32,48.50,96.98,66.48,97.08,41.50,97.16,81.87,98.64
Industry,vcpill,80.19,95.29,79.98,97.09,83.35,96.87,59.50,76.82,73.20,95.33,58.53,89.18,75.47,95.97,81.77,97.20,83.91,96.88,84.90,97.98
Industry,vial,81.17,83.72,64.94,84.91,36.63,89.08,49.06,69.36,62.46,91.26,40.37,84.37,53.89,91.33,71.11,92.33,32.83,90.70,84.17,92.79
Industry,wallplugs,57.35,73.02,44.59,72.04,68.04,61.31,53.50,67.01,40.33,56.77,48.94,72.31,49.86,62.75,44.00,79.38,61.62,68.39,41.37,81.24
Industry,Wand_IL,86.52,99.67,51.82,97.06,86.92,99.34,38.94,51.80,66.92,98.73,57.27,97.79,86.82,99.64,82.02,99.53,85.50,99.39,99.24,99.88
Industry,Wheel_IL,39.61,76.13,32.00,86.54,44.08,85.00,38.46,72.57,62.45,84.90,45.53,31.95,37.01,84.70,42.71,86.23,43.33,84.77,64.18,87.70
Industry,white_nut,92.34,94.84,76.66,93.51,82.22,96.18,52.06,62.01,94.84,96.43,55.78,76.78,84.84,97.57,86.61,95.91,86.16,97.38,91.31,97.48
Industry,wood,98.40,93.50,95.56,89.66,94.57,94.72,58.21,62.37,96.67,94.70,96.23,90.27,88.33,93.32,99.32,94.24,96.36,95.51,99.63,95.29
Industry,wooden_beads,79.63,93.60,60.05,94.75,75.78,96.10,50.14,70.41,73.34,94.95,86.79,91.72,77.82,96.13,79.34,96.52,76.38,96.27,84.31,97.16
Industry,woodstick,64.41,90.77,72.94,83.15,63.85,92.31,52.30,54.40,58.97,90.87,67.01,89.62,63.58,90.47,65.79,94.33,60.57,92.78,71.24,95.93
Industry,Woven_001,80.10,91.88,81.71,94.80,74.67,95.56,55.76,54.40,95.76,98.96,91.86,93.69,89.19,98.23,96.43,99.44,80.14,97.10,98.52,99.58
Industry,Woven_068,85.36,91.57,77.66,89.83,66.72,96.42,55.08,62.47,93.52,96.88,84.51,90.13,98.63,98.29,100.00,99.45,87.66,97.38,100.00,99.55
Industry,Woven_104,87.13,91.64,67.63,88.23,55.69,92.15,54.06,59.39,92.00,96.88,55.50,64.86,89.44,97.64,99.56,98.02,78.19,95.88,100.00,99.33
Industry,Woven_125,97.78,96.80,91.39,96.21,98.42,99.05,66.14,68.99,99.81,99.17,95.57,97.41,98.16,98.14,100.00,98.82,100.00,98.93,100.00,99.40
Industry,Woven_127,71.20,84.36,57.84,82.69,52.84,81.65,54.84,52.16,93.30,93.58,52.48,58.80,86.58,93.19,98.84,96.63,56.33,88.95,98.42,96.15
Industry,yellow_cloth,95.09,95.18,84.64,86.77,81.77,86.28,64.25,66.31,98.38,94.67,82.98,78.46,92.55,94.03,97.45,95.80,93.58,95.05,98.89,96.59
Industry,yellow_green_washer,88.90,79.92,90.23,85.69,80.57,85.26,54.86,61.27,92.12,90.52,61.12,63.51,91.31,89.13,86.73,87.45,86.96,88.98,92.22,89.27
Industry,zipper,74.70,83.07,88.44,96.12,91.60,97.92,53.21,68.97,98.71,94.09,86.56,96.25,99.82,98.62,100.00,98.44,98.29,98.33,100.00,98.76
Infrastructure,Asphalt_Pavement_1,87.41,91.68,74.26,88.65,69.89,77.82,66.83,62.76,96.11,90.52,48.21,64.05,80.15,83.65,98.73,91.61,73.88,84.78,99.53,92.85
Infrastructure,Asphalt_Pavement_2,93.48,87.22,65.29,73.80,68.89,69.58,55.49,59.25,99.94,92.89,72.46,57.13,88.94,72.05,99.94,90.70,92.02,88.39,99.95,93.56
Infrastructure,Asphalt_Pavement_3,95.28,83.00,70.75,77.42,53.65,59.63,55.62,54.96,97.25,88.55,59.63,57.31,74.71,72.12,99.68,89.53,68.85,77.66,99.95,92.11
Infrastructure,Battery_Tray,46.25,87.07,51.25,86.27,22.50,87.73,49.50,71.29,32.75,88.86,40.00,83.54,48.00,87.86,44.25,90.81,40.25,88.53,66.50,96.16
Infrastructure,Bolt_CL,84.67,92.54,57.35,93.75,77.27,99.11,51.89,76.84,74.74,98.32,74.34,99.63,74.63,99.15,81.75,99.06,91.96,99.81,97.93,99.68
Infrastructure,breakfast_box,71.81,77.57,43.98,55.94,39.26,63.42,46.76,50.70,46.76,71.42,56.55,59.38,42.90,68.91,74.49,81.92,43.04,72.67,81.89,86.11
Infrastructure,cable,95.20,91.23,57.38,62.30,51.80,60.52,51.24,56.93,68.18,67.31,58.43,64.19,72.41,67.22,86.09,80.50,64.95,70.97,94.79,90.72
Infrastructure,cable_gland,65.66,92.88,31.36,93.64,54.21,97.56,46.16,75.78,73.52,97.47,63.45,92.01,68.97,97.93,86.44,98.37,64.32,98.42,96.46,99.43
Infrastructure,catenary_dropper,74.83,79.46,54.18,83.39,62.26,82.65,49.46,63.81,64.55,85.21,69.35,81.78,69.50,85.60,78.43,88.82,61.68,82.92,90.01,91.33
Infrastructure,dc_power_connector,89.36,87.62,58.81,81.83,69.16,89.74,48.44,57.72,62.62,93.89,93.10,93.10,70.69,92.83,93.46,93.40,73.97,92.83,97.14,95.97
Infrastructure,Device_Box,57.88,64.42,65.43,85.55,44.20,92.17,46.67,70.97,46.91,90.79,62.23,87.08,66.17,93.63,48.37,93.12,53.09,93.47,60.87,98.50
Infrastructure,disk_wood,63.81,71.13,43.88,57.20,66.93,77.48,49.03,56.67,67.63,86.42,66.01,76.89,72.95,81.09,75.32,86.34,64.93,80.84,78.94,88.57
Infrastructure,electrical_insulator,44.32,81.25,46.92,83.76,49.77,93.81,53.70,77.11,53.02,91.64,48.92,87.53,57.07,95.84,51.76,96.25,48.85,94.86,56.46,97.74
Infrastructure,food_box,47.91,79.86,47.90,78.35,59.10,80.04,52.12,61.00,56.85,81.78,63.74,81.66,57.94,82.35,54.51,87.59,55.43,81.98,58.08,90.44
Infrastructure,food_package,55.95,87.73,52.17,83.62,58.67,89.09,52.99,66.62,54.01,92.60,53.53,92.66,58.95,90.16,63.44,92.60,61.80,90.32,64.46,94.53
Infrastructure,insulator,91.42,97.03,76.40,95.01,67.40,95.54,53.18,68.81,75.06,95.18,81.66,84.53,92.46,97.64,91.15,97.39,75.77,97.73,93.85,98.26
Infrastructure,Key,72.50,89.39,26.35,95.50,30.58,94.52,43.08,76.30,46.73,97.05,60.96,79.36,45.58,94.42,74.42,94.30,40.00,95.24,88.65,96.43
Infrastructure,L_Fitting,64.90,76.71,54.33,94.22,49.04,94.75,37.98,77.58,59.13,93.35,48.08,90.78,55.29,94.36,64.42,95.67,53.37,95.00,75.48,97.34
Infrastructure,limit_switch,93.34,84.56,81.30,95.99,85.20,96.89,51.98,69.47,84.44,97.10,94.46,97.68,93.70,96.61,89.88,95.39,96.26,97.07,94.30,96.31
Infrastructure,Magnetic-tile,64.86,69.37,57.23,69.43,57.66,66.03,53.14,55.44,77.02,68.35,51.78,56.06,63.64,68.06,82.53,77.30,67.26,71.42,90.64,78.99
Infrastructure,metal_welding,61.41,78.88,48.52,80.61,48.06,90.47,46.98,63.88,84.76,76.78,56.95,75.81,57.86,92.10,81.96,92.06,59.11,92.69,91.51,95.25
Infrastructure,nut_and_bolt,56.46,84.31,42.11,88.98,50.53,91.05,44.71,59.94,63.38,91.81,46.63,82.54,51.04,90.30,60.63,90.64,49.91,91.68,62.84,92.29
Infrastructure,pcb4,96.52,87.57,73.01,87.72,92.88,89.45,49.10,69.88,97.61,96.70,93.59,95.91,99.13,95.46,99.35,96.07,98.66,93.70,99.77,97.82
Infrastructure,photovoltaic_module,66.53,88.40,62.69,86.28,65.91,95.69,55.84,52.03,72.14,94.14,70.80,93.48,77.77,97.62,85.63,97.77,67.75,96.65,90.61,98.46
Infrastructure,Pools_Region_1,78.45,87.92,61.62,71.38,71.43,56.52,63.30,56.09,55.33,44.15,54.18,44.23,82.22,67.61,72.82,61.95,73.09,60.86,71.76,65.81
Infrastructure,Pools_Region_2,86.44,88.91,71.06,72.11,81.78,52.90,67.82,50.60,66.19,39.38,53.82,41.49,80.19,64.36,80.98,58.84,83.78,61.07,81.46,64.09
Infrastructure,Pools_Region_3,81.38,87.29,53.52,72.81,65.23,57.72,62.48,49.62,51.86,47.17,52.37,44.34,77.39,69.16,72.04,67.53,68.11,63.68,74.35,69.88
Infrastructure,Pools_Region_4,81.52,89.69,52.70,71.65,66.48,56.47,55.99,50.38,56.59,45.24,53.05,40.92,71.88,69.32,68.30,65.54,70.79,61.64,68.19,67.97
Infrastructure,Pools_Region_5,84.39,85.83,60.96,66.27,67.15,52.08,60.93,50.57,52.35,41.93,49.96,44.33,75.38,66.93,63.10,60.38,67.59,57.51,61.79,63.94
Infrastructure,Pools_Region_6,82.25,77.13,59.75,61.52,63.24,49.75,61.28,47.31,60.22,47.67,49.71,54.71,77.80,60.56,67.05,65.52,68.71,63.41,68.83,71.03
Infrastructure,Pools_Region_7,82.88,81.08,56.30,66.25,68.37,52.42,52.26,45.28,54.53,44.39,58.67,49.71,75.38,64.88,61.21,55.53,68.30,57.74,62.54,58.78
Infrastructure,Pools_Region_8,87.06,90.77,69.91,74.20,72.43,60.76,63.70,54.74,55.14,47.10,50.44,43.31,79.89,72.83,66.34,66.94,73.94,67.31,68.35,69.30
Infrastructure,power_jack,87.89,74.70,87.95,67.88,82.19,82.04,55.71,57.95,78.48,90.05,94.53,93.99,86.48,86.70,92.75,86.00,89.44,85.96,97.57,88.07
Infrastructure,Rail,97.05,93.42,85.15,87.88,97.27,94.50,60.30,63.50,99.17,94.83,95.00,79.51,98.11,95.36,96.36,88.22,98.86,94.53,99.24,92.16
Infrastructure,Reinforcing_Sleeve,72.02,56.49,54.76,97.80,86.31,98.82,53.57,76.78,54.17,95.92,55.36,70.71,60.71,97.98,82.74,97.28,67.26,98.87,83.93,97.59
Infrastructure,screen,98.28,87.65,19.40,81.98,77.59,94.09,46.98,69.62,94.40,90.65,89.66,80.08,62.50,91.54,99.57,94.63,95.26,95.11,100.00,95.68
Infrastructure,ship,86.60,98.97,89.67,98.41,62.52,95.36,64.15,84.90,46.23,85.29,87.88,98.35,51.88,89.45,59.17,88.30,65.15,94.76,65.15,91.71
Infrastructure,solar_panel,69.17,96.37,60.00,94.79,68.33,95.92,44.17,77.97,77.50,93.28,49.17,94.91,54.17,95.80,58.33,95.99,77.50,96.46,98.33,98.09
Infrastructure,steel,99.93,80.45,99.23,82.22,96.73,79.39,81.47,63.48,99.97,81.37,40.10,56.73,99.17,80.54,99.87,84.91,99.97,78.88,100.00,85.99
Infrastructure,Terminal_Block_A,41.10,75.66,40.08,68.05,52.63,85.47,49.73,71.12,48.71,90.58,38.43,82.47,54.90,86.84,52.47,90.85,48.47,88.18,57.88,96.65
Infrastructure,Terminal_Block_B,51.00,73.69,56.17,76.60,69.00,83.54,60.17,65.61,49.33,87.75,38.00,81.93,47.33,85.60,54.50,90.11,56.50,86.65,71.67,94.81
Infrastructure,Tube_CL,76.61,87.94,54.19,87.94,70.73,86.03,44.76,67.78,65.40,86.31,29.03,77.21,63.15,87.13,53.39,86.83,76.21,86.25,89.27,89.73
Infrastructure,UTM_N,88.07,93.94,78.50,93.35,50.91,78.77,53.18,62.95,59.76,69.04,38.55,67.56,61.21,76.97,63.99,75.22,61.06,81.09,65.44,81.43
Infrastructure,Valve_CL,82.15,84.02,50.05,85.66,54.19,85.03,58.60,56.81,67.26,84.93,55.00,78.76,51.88,84.60,78.76,84.86,65.16,85.32,91.08,86.69
Infrastructure,Water_Tanks_Region_1,67.12,86.57,50.54,85.20,77.60,86.63,57.30,47.62,51.18,73.55,54.53,64.70,79.22,86.83,67.48,79.45,75.81,89.44,67.25,79.31
Infrastructure,Water_Tanks_Region_2,74.59,85.93,56.52,84.20,73.53,85.28,59.65,45.99,50.08,71.96,52.22,63.27,79.88,84.40,66.03,78.45,74.98,87.59,65.71,79.21
Infrastructure,Water_Tanks_Region_3,71.81,85.76,54.81,83.37,72.68,86.25,54.88,46.89,48.24,73.59,60.92,68.70,77.62,87.33,71.22,78.89,74.48,89.12,71.66,78.88
Infrastructure,Water_Tanks_Region_4,56.23,84.55,42.20,79.83,72.92,84.80,58.88,49.58,32.06,66.75,66.87,68.08,76.02,83.62,50.23,74.88,73.17,87.61,45.13,74.86
Infrastructure,Water_Tanks_Region_5,70.95,85.87,56.17,82.68,68.43,84.83,57.70,48.90,47.07,69.16,56.90,64.31,82.59,86.68,68.08,78.70,74.56,87.91,66.32,78.78
Infrastructure,Water_Tanks_Region_6,63.06,84.83,54.75,82.11,65.98,83.96,58.15,47.84,41.53,72.27,54.20,66.14,68.05,82.53,55.40,75.78,63.97,85.86,52.39,76.03
Infrastructure,wind_turbine,82.22,98.38,60.64,94.27,54.38,82.03,49.43,55.38,45.74,79.89,74.25,91.69,50.99,84.67,66.80,86.03,56.99,81.06,83.30,96.89
Infrastructure,witness_mark,67.94,70.71,50.96,96.98,39.79,74.04,50.93,61.77,53.24,30.61,52.16,82.02,52.64,46.73,49.57,39.19,45.99,53.02,56.90,41.64
Medical,black_orange_capsule,73.54,78.48,71.34,94.58,72.40,95.44,45.58,61.41,77.54,92.44,70.28,75.59,77.98,97.04,93.54,97.80,80.81,97.10,98.57,98.60
Medical,brain_tumor,81.25,96.97,58.16,91.61,39.06,89.65,54.34,82.19,54.97,90.19,57.48,88.17,47.44,90.34,70.16,92.40,60.23,93.11,72.11,93.94
Medical,brain_tumor_brats2021,73.40,93.46,51.73,83.58,55.50,82.86,54.59,78.02,60.39,82.59,61.29,77.18,52.12,83.50,62.94,86.18,64.44,87.77,66.66,89.07
Medical,Brain_White_Matter,61.68,91.67,46.49,83.42,38.49,80.94,54.95,74.02,39.02,79.81,53.24,61.63,69.81,85.99,44.64,81.81,45.98,84.32,47.49,84.57
Medical,capsules,68.66,97.61,60.75,92.08,62.30,94.39,53.03,57.64,59.28,95.50,75.84,92.51,75.72,97.58,76.85,99.17,65.03,97.81,89.15,99.49
Medical,coated_tablet,95.26,98.13,92.94,97.09,86.90,97.65,51.29,57.91,95.77,98.68,74.67,87.78,91.57,98.73,88.16,97.64,87.89,98.65,92.66,98.66
Medical,Colon_Polyp,73.91,71.06,46.76,59.98,34.41,62.18,44.41,53.98,62.05,67.11,63.89,58.01,54.05,66.63,74.39,68.92,50.89,66.33,79.53,73.48
Medical,embossed_tablet,88.65,85.21,77.79,89.82,77.13,93.95,54.22,54.76,88.07,97.17,62.03,83.19,78.97,95.07,92.12,97.50,80.37,95.36,94.97,97.95
Medical,ginseng,83.20,98.24,99.94,98.40,95.92,99.09,61.65,63.61,90.26,98.57,73.17,97.20,81.41,97.34,93.91,98.11,96.33,98.97,99.80,98.96
Medical,lettered_tablet,73.61,84.30,79.34,90.43,76.20,94.76,50.70,61.81,86.06,96.29,42.57,64.48,81.53,96.07,84.54,97.10,83.30,96.01,88.76,97.75
Medical,Liver_Lesion,83.64,82.36,42.03,51.24,51.91,63.74,48.39,66.81,52.05,72.53,59.05,68.84,44.46,70.26,71.34,73.21,59.22,67.27,80.55,78.10
Medical,liver_pathology,62.56,91.90,41.30,95.94,53.31,95.90,50.36,91.22,57.33,96.71,52.47,96.82,54.64,95.88,62.15,96.74,56.23,96.23,65.10,97.35
Medical,liver_tumor,48.79,67.90,33.62,55.48,42.03,68.65,46.53,73.09,46.55,81.62,41.89,79.35,45.76,70.34,43.80,80.48,43.59,70.41,52.95,86.61
Medical,magnesium,98.77,93.60,99.12,96.08,91.77,98.91,60.15,59.87,94.07,98.67,67.10,85.37,89.88,98.30,92.72,98.64,93.92,99.09,99.47,99.19
Medical,ms_lesion,75.75,89.44,62.05,78.42,53.38,74.09,50.63,70.59,44.25,74.32,60.36,82.45,59.62,80.16,59.05,81.28,61.19,79.68,71.55,86.67
Medical,Oblong_Pill,68.81,65.64,83.47,97.88,94.61,98.79,55.43,84.18,91.69,99.31,72.42,78.94,86.44,98.87,93.42,98.89,96.12,99.03,98.68,99.25
Medical,oblong_tablet,62.53,75.18,73.00,79.55,78.80,92.39,46.87,54.52,83.02,93.00,49.94,78.54,81.37,90.60,85.76,94.94,80.35,93.60,90.87,96.51
Medical,pill,83.76,91.21,56.62,84.99,84.80,93.69,46.48,61.52,83.92,96.39,60.76,86.94,85.20,95.80,92.79,94.14,88.46,96.72,95.98,95.73
Medical,pink_matte_tablet,86.25,74.30,77.14,94.09,51.79,95.02,48.39,65.08,84.46,97.65,58.39,84.02,51.07,94.89,67.86,93.81,75.36,95.57,83.39,94.97
Medical,pink_tablet,91.31,93.91,92.17,94.85,91.61,97.92,55.56,64.09,94.02,96.63,60.73,70.06,95.03,97.67,94.94,97.17,95.13,98.22,95.98,97.85
Medical,red_tablet,77.72,57.33,75.02,61.44,79.74,63.89,56.01,49.67,84.09,73.93,55.80,61.42,80.42,71.39,88.98,68.17,83.75,68.78,91.09,69.15
Medical,Round_Pill,69.29,35.64,78.94,99.09,86.00,97.88,47.42,82.09,88.18,97.77,60.73,29.95,83.42,97.90,72.69,94.48,87.64,96.21,76.77,92.59
Medical,speckled_mint,95.02,55.98,84.81,67.34,80.58,77.79,66.05,53.83,96.41,80.58,61.58,63.99,88.78,78.56,95.28,81.61,93.30,78.19,98.16,82.28
Medical,stroke_lesion,64.34,93.87,32.95,66.86,16.59,71.39,46.88,67.13,11.18,77.60,39.45,69.14,40.11,76.95,33.70,77.11,21.14,75.82,37.62,80.70
Medical,Surgical_Mask,36.64,60.33,54.29,89.42,40.21,95.67,42.74,62.20,52.41,93.02,42.05,84.65,49.23,95.33,50.58,94.15,46.37,96.32,48.67,94.92
Medical,white_marked_tablet,57.39,37.64,68.18,98.15,68.64,91.27,47.39,88.39,77.84,95.10,43.18,58.51,80.68,94.47,76.70,88.06,70.23,95.47,77.95,84.30
Medical,white_tablet,84.41,84.79,85.88,86.91,95.78,94.77,52.92,60.96,94.73,97.14,50.81,65.20,95.99,96.46,97.08,95.91,96.79,95.38,98.37,96.35
Medical,yellow_tablet,91.24,87.72,89.19,92.61,91.66,97.41,55.17,62.31,96.54,97.44,64.88,74.18,95.23,97.46,96.58,97.83,95.38,97.91,98.50,98.31
