domain,category,patchcore_i_auroc,patchcore_p_auroc,uniad_i_auroc,uniad_p_auroc,rd_i_auroc,rd_p_auroc,simplenet_i_auroc,simplenet_p_auroc,dinomaly_i_auroc,dinomaly_p_auroc,dinomalym_i_auroc,dinomalym_p_auroc
Agrifood,Aero_Engine_Blade,86.30,95.40,51.66,93.16,77.66,92.23,83.25,92.94,97.54,95.44,96.70,95.25
Agrifood,bagel,88.70,96.00,79.76,98.05,86.49,99.22,84.17,97.13,91.29,99.19,87.67,99.12
Agrifood,Bear_real,95.00,99.70,45.00,98.49,82.50,99.78,73.33,98.36,79.17,99.42,65.00,98.55
Agrifood,Bear_sim,64.80,96.30,72.41,90.39,79.38,96.07,73.56,91.33,85.10,97.66,83.29,97.82
Agrifood,Bird_real,66.70,95.50,41.67,89.61,47.73,91.58,50.76,90.39,56.06,94.98,62.12,91.68
Agrifood,Bird_sim,56.30,93.90,60.17,91.54,50.22,94.55,65.01,94.68,63.11,96.40,59.01,96.88
Agrifood,bottle,100.00,98.50,99.45,98.16,100.00,98.65,100.00,98.25,100.00,99.16,100.00,98.97
Agrifood,bottle_cap,97.80,99.70,89.36,98.81,97.06,99.35,97.42,97.74,96.47,99.28,95.62,99.29
Agrifood,can,51.10,72.10,57.72,77.45,47.69,81.01,44.24,67.22,50.46,69.38,51.85,67.85
Agrifood,carrot,95.50,99.20,79.59,97.58,95.94,99.37,91.33,97.38,98.15,99.59,95.66,99.53
Agrifood,cashew,97.60,98.60,87.24,99.13,96.40,96.02,94.78,99.22,96.18,98.17,97.84,98.38
Agrifood,Cat_sim,50.50,96.80,42.68,93.43,42.73,97.09,44.20,93.39,41.27,98.52,39.47,98.71
Agrifood,Cherry,77.00,98.70,67.21,96.53,78.04,98.95,79.55,97.40,90.01,99.36,88.44,99.31
Agrifood,chewinggum,98.30,98.90,96.23,98.86,98.52,98.96,99.13,98.30,98.61,98.51,98.41,98.09
Agrifood,cigarette_box,90.20,97.30,90.22,92.76,71.86,92.95,95.89,95.96,90.84,98.03,91.03,97.96
Agrifood,coffee_beans,77.30,83.30,72.29,70.83,56.73,84.29,94.33,91.87,89.24,89.68,89.43,90.86
Agrifood,cookie,82.30,97.00,69.27,95.89,80.10,98.16,84.35,96.30,83.16,97.62,80.99,97.97
Agrifood,drink_bottle,66.30,97.10,59.98,90.67,60.25,93.08,68.19,90.49,64.32,95.53,66.41,96.12
Agrifood,drink_can,85.50,94.70,52.53,88.99,60.82,94.24,76.82,89.29,80.91,95.55,82.63,95.60
Agrifood,Elephant_real,73.10,97.00,10.19,81.59,67.59,95.55,64.81,85.31,75.93,95.59,70.37,94.09
Agrifood,Elephant_sim,60.70,77.80,60.81,78.85,58.19,81.69,72.83,77.23,69.69,83.57,63.95,89.58
Agrifood,food_bottle,76.00,97.30,59.47,91.77,73.86,95.56,78.18,94.01,82.94,97.66,84.09,97.56
Agrifood,fruit_jelly,84.70,93.90,86.09,94.43,76.80,95.02,83.30,95.66,88.67,95.52,72.58,94.66
Agrifood,fryum,97.10,92.80,83.84,97.12,96.86,96.64,96.46,96.07,99.00,96.74,98.22,97.05
Agrifood,goji_berries,85.40,92.50,77.63,92.08,82.39,92.41,80.34,90.28,88.75,94.05,88.49,94.09
Agrifood,Gorilla_sim,62.10,97.60,49.73,91.33,63.49,97.10,69.49,90.25,77.10,97.64,81.01,97.60
Agrifood,hazelnut,100.00,98.70,99.77,98.22,99.94,98.86,99.81,98.40,100.00,99.44,100.00,99.42
Agrifood,juice_bottle,82.40,94.90,88.72,90.34,89.20,89.61,99.10,86.99,91.81,90.53,92.20,89.40
Agrifood,macaroni1,98.80,99.70,68.07,97.43,93.21,99.75,92.43,99.44,96.12,98.53,91.50,97.87
Agrifood,macaroni2,78.90,98.60,65.76,93.76,86.66,99.42,78.94,97.15,92.83,99.29,86.43,98.81
Agrifood,maize,78.30,82.40,56.51,72.40,67.08,84.25,85.23,80.59,81.91,87.57,83.05,88.29
Agrifood,Mallard_sim,62.60,89.20,48.67,87.14,79.52,87.83,68.06,85.67,74.57,91.48,69.67,92.55
Agrifood,mint,80.00,98.80,67.16,91.80,77.85,97.38,84.48,93.02,87.90,95.80,87.21,95.23
Agrifood,Obesobeso_sim,79.90,98.70,54.47,93.97,85.84,98.17,80.06,97.04,88.78,98.93,89.07,98.92
Agrifood,Owl_sim,68.90,97.40,75.11,92.55,66.06,97.13,72.06,95.57,66.73,97.41,65.00,97.65
Agrifood,paddy,87.70,78.90,74.62,68.05,88.04,72.21,92.80,76.93,95.18,75.50,94.08,74.23
Agrifood,Parrot_real,34.10,81.30,50.00,66.22,34.06,64.50,43.48,67.97,34.78,83.29,42.03,78.48
Agrifood,Parrot_sim,58.30,89.80,50.99,87.16,46.43,91.38,62.17,83.68,65.22,93.50,67.95,95.19
Agrifood,peach,82.70,98.50,70.08,97.49,89.85,99.27,75.76,94.51,96.61,99.68,93.42,99.62
Agrifood,Pheonix_sim,35.50,92.30,51.34,87.10,27.39,92.62,34.25,88.19,25.30,96.43,26.68,97.29
Agrifood,Pig_real,97.50,99.00,46.22,90.24,68.07,98.20,86.56,95.12,93.28,98.76,95.80,95.47
Agrifood,Pig_sim,63.80,99.10,34.96,92.88,58.11,99.22,61.80,97.35,64.70,99.46,59.89,99.40
Agrifood,pipe_fryum,100.00,98.90,93.38,99.01,99.82,99.01,99.34,99.21,99.76,99.14,99.66,99.24
Agrifood,pistachios,84.30,77.60,77.74,73.73,72.15,78.74,81.74,66.79,77.34,79.56,74.93,81.13
Agrifood,potato,68.80,99.00,52.45,96.76,75.15,99.31,61.84,90.65,75.94,99.32,72.10,99.24
Agrifood,Puppy_real,100.00,99.80,69.17,98.20,99.17,99.72,100.00,98.09,100.00,98.21,93.33,98.06
Agrifood,Puppy_sim,43.80,95.50,54.55,86.07,50.77,94.16,49.15,86.39,64.36,95.96,63.92,96.79
Agrifood,Raspberry,97.20,98.80,51.51,97.81,93.13,98.88,96.10,98.76,97.56,99.07,96.94,98.98
Agrifood,rice,49.90,66.00,55.42,73.59,48.81,78.65,54.47,59.60,71.90,89.77,71.93,91.27
Agrifood,Sabertooth_sim,48.90,98.30,37.60,89.50,54.97,96.05,54.19,91.80,64.20,98.05,61.19,98.47
Agrifood,Scorpion_real,42.00,89.70,17.39,88.68,41.30,81.84,39.85,66.94,46.38,76.51,56.52,72.94
Agrifood,Scorpion_sim,65.00,98.20,66.19,89.58,65.70,96.12,79.81,93.09,74.84,97.06,72.88,97.49
Agrifood,Sheep_sim,69.40,98.00,41.01,94.24,79.92,96.63,79.19,94.44,77.60,98.46,72.20,98.63
Agrifood,Shredded_Corn_Fine,94.20,96.80,84.11,94.89,84.78,90.17,93.17,92.33,91.43,92.17,93.57,95.97
Agrifood,Shredded_Corn_Medium,99.20,96.70,94.36,94.22,90.48,81.52,98.39,91.25,91.94,90.66,93.33,90.22
Agrifood,Shredded_Corn_Rough,92.60,89.60,80.66,90.89,78.63,68.89,74.46,80.27,82.98,69.45,80.54,84.50
Agrifood,soybean,88.40,84.40,79.91,77.23,85.04,85.77,93.44,84.69,92.50,88.04,93.75,88.64
Agrifood,Strawberry,89.00,93.30,69.77,90.91,88.25,94.22,90.26,91.75,96.06,96.03,96.97,95.58
Agrifood,Swan_sim,55.30,97.80,47.11,89.67,50.85,97.78,61.71,95.90,63.61,98.66,63.94,98.82
Agrifood,Tea_Bag,88.20,99.50,76.25,99.03,92.30,99.58,96.95,98.27,92.85,99.44,93.45,99.33
Agrifood,Turtle_real,100.00,99.60,59.05,96.77,100.00,99.69,100.00,97.79,100.00,99.24,100.00,98.72
Agrifood,Turtle_sim,74.30,95.80,55.58,85.95,83.53,95.35,74.04,93.84,84.93,97.17,85.10,97.05
Agrifood,Unicorn_real,77.00,98.40,48.41,96.16,90.48,93.66,70.64,84.29,27.78,84.03,41.27,80.94
Agrifood,Unicorn_sim,76.50,94.10,69.06,89.07,79.79,92.61,85.53,88.83,88.63,95.69,82.84,96.09
Agrifood,walnuts,82.90,98.20,47.33,86.77,79.65,95.28,74.11,93.68,76.33,94.16,79.96,95.88
Agrifood,Whale_real,92.70,99.70,73.44,98.13,94.27,99.70,94.79,94.56,94.79,98.27,96.35,98.36
Agrifood,Whale_sim,76.60,95.00,49.41,89.71,69.61,94.18,77.16,89.79,79.78,97.10,82.20,98.02
Agrifood,wheat,89.00,90.70,74.33,86.29,85.29,90.05,93.92,90.61,95.98,94.19,96.68,93.46
Agrifood,Zalika_sim,55.70,94.30,53.81,86.83,55.28,93.22,65.22,89.59,59.85,94.89,61.43,95.78
Electronics,3_Pole_Socket_Housing,98.30,95.80,52.00,92.51,93.40,95.84,95.44,95.24,93.66,95.58,93.62,93.97
Electronics,Aluminum_Camera_Cover,91.00,90.30,77.95,79.12,89.77,89.75,91.31,87.90,94.69,93.28,95.53,93.60
Electronics,Aluminum_Ipad,95.90,97.50,84.72,93.80,96.01,96.72,96.02,95.14,96.41,97.37,95.64,96.78
Electronics,Aluminum_Middle_Frame,91.40,94.00,83.93,89.59,87.46,94.89,89.34,90.38,88.05,94.60,89.36,94.76
Electronics,Aluminum_New_Ipad,74.80,96.00,68.06,79.83,78.86,95.82,72.39,95.16,78.04,96.18,79.91,95.66
Electronics,Aluminum_New_Middle_Frame,63.30,90.40,62.06,86.19,66.55,89.95,68.41,83.39,70.90,91.86,74.24,92.06
Electronics,Aluminum_Pc,74.30,74.50,66.87,73.39,75.46,82.39,68.50,70.05,78.37,85.15,80.83,84.71
Electronics,audio_jack_socket,99.90,94.40,71.43,94.50,94.25,94.39,95.00,92.77,100.00,94.64,99.98,94.47
Electronics,audiojack,86.20,98.20,90.36,94.69,94.02,96.31,88.37,94.19,94.52,97.17,94.81,96.97
Electronics,block_inductor,93.20,96.80,88.96,94.96,91.06,96.95,92.19,95.54,94.45,97.78,94.53,97.42
Electronics,button_battery,91.40,99.00,63.27,92.36,94.58,98.35,96.98,96.99,94.13,98.67,93.65,98.59
Electronics,button_cell,100.00,99.50,61.54,99.51,100.00,99.56,100.00,99.65,100.00,99.61,100.00,99.58
Electronics,Cable_End_Sleeve,76.10,96.60,55.87,97.23,87.13,98.48,83.53,95.83,90.20,98.50,88.33,98.43
Electronics,Coaxial_T_Adapter,74.40,99.60,64.17,96.07,70.28,99.50,81.11,99.40,87.50,99.23,88.06,99.02
Electronics,common_mode_filter,99.50,88.70,98.18,77.37,99.80,88.08,99.42,86.32,99.84,92.06,99.04,89.22
Electronics,connector,100.00,99.50,67.38,95.20,100.00,99.12,98.81,98.96,100.00,99.51,100.00,99.34
Electronics,connector_housing_female,100.00,95.90,100.00,91.46,100.00,95.80,100.00,93.61,100.00,96.42,100.00,95.91
Electronics,crimp_st_cable_mount_box,99.90,93.80,99.84,83.43,100.00,95.04,100.00,77.26,100.00,94.50,100.00,95.35
Electronics,D_Sub_Connector,91.90,96.70,58.02,96.42,88.02,98.61,89.90,95.90,89.27,96.62,84.90,97.31
Electronics,ethernet_connector,100.00,99.00,72.16,94.10,99.95,99.15,100.00,95.85,100.00,99.33,95.28,94.74
Electronics,ethernet_connector_metal,87.50,96.50,47.50,94.70,87.50,97.55,87.50,94.62,85.31,96.81,87.81,96.65
Electronics,ferrite_bead,100.00,98.70,99.23,93.25,99.87,98.50,99.90,94.54,100.00,98.11,100.00,97.82
Electronics,flat_pad,100.00,99.00,31.67,98.01,97.00,99.18,93.33,96.47,98.67,99.12,100.00,99.16
Electronics,fork_crimp_terminal,96.90,98.60,79.43,97.10,98.45,98.52,99.89,97.82,99.47,98.50,99.09,97.96
Electronics,fuse_holder,99.80,98.00,80.23,97.12,96.15,98.80,96.07,97.21,100.00,99.14,100.00,99.15
Electronics,green_pcb,86.80,98.80,46.36,89.46,82.95,99.58,87.27,93.74,79.55,99.22,77.50,98.85
Electronics,headphone_jack_socket,100.00,93.60,99.31,90.59,100.00,92.15,99.94,88.72,100.00,93.85,100.00,95.20
Electronics,humidity_sensor,94.20,94.00,85.98,93.15,93.30,95.29,93.78,89.63,97.66,95.18,95.88,94.84
Electronics,Joystick,79.40,99.30,43.73,95.28,69.22,99.00,68.23,98.95,62.94,99.30,63.33,99.03
Electronics,knob_cap,100.00,97.40,94.36,97.11,98.50,98.87,100.00,97.15,100.00,99.07,100.00,98.85
Electronics,Lamp_CL,100.00,95.00,26.00,75.62,100.00,93.05,100.00,93.45,100.00,96.61,100.00,95.67
Electronics,lattice_block_plug,99.90,95.50,93.38,91.51,98.76,96.78,99.94,92.55,99.80,97.60,99.50,97.33
Electronics,led,99.80,98.50,98.25,97.46,99.20,98.67,99.29,97.75,99.73,98.87,99.70,98.18
Electronics,led_pad,97.80,96.70,94.48,93.90,97.59,97.87,97.43,94.77,98.73,98.13,98.35,97.85
Electronics,lego_pin_connector_plate,98.60,99.20,92.36,98.60,97.47,99.36,100.00,99.02,99.96,99.26,99.92,99.13
Electronics,light,99.30,99.40,68.06,96.98,100.00,99.43,98.61,98.21,100.00,99.73,100.00,99.60
Electronics,Mains_Tester,60.40,96.20,62.07,94.30,71.65,97.87,53.64,88.03,65.00,96.93,63.33,96.89
Electronics,miniature_lifting_motor,98.20,93.80,70.52,91.19,96.76,95.89,99.72,94.90,93.36,94.55,94.00,92.90
Electronics,Motor_CL,96.80,95.10,59.01,88.16,99.81,94.84,98.88,93.24,100.00,95.85,100.00,95.27
Electronics,pcb,92.60,99.40,79.47,94.45,93.36,99.11,88.07,98.02,93.40,99.07,91.96,98.93
Electronics,PCB_Group_00041,87.50,95.70,39.35,74.09,86.48,98.33,92.56,94.59,94.57,97.37,94.30,96.01
Electronics,PCB_Group_12100,88.90,95.90,39.22,69.67,87.36,98.09,94.32,88.27,97.60,97.03,96.28,94.81
Electronics,PCB_Group_12300,78.90,93.00,36.84,67.22,82.96,97.13,91.73,85.90,94.69,95.78,82.45,93.01
Electronics,PCB_Group_13000,79.50,94.10,39.14,80.18,72.05,97.07,79.27,92.71,96.36,96.58,86.36,94.43
Electronics,PCB_Group_20085,72.10,92.10,33.45,77.59,82.97,96.79,93.06,90.86,91.94,96.03,90.42,94.33
Electronics,PCB_Group_44000,100.00,96.80,47.10,82.26,100.00,98.25,99.40,95.86,100.00,97.41,99.30,96.70
Electronics,PCB_Group_50600,99.50,98.50,46.36,80.19,99.84,98.96,99.37,95.41,99.84,98.05,100.00,96.70
Electronics,PCB_Group_77000,100.00,98.50,45.64,89.65,87.36,98.94,97.36,91.33,99.91,98.35,91.09,98.09
Electronics,PCB_Group_90100,53.50,91.50,52.87,75.84,72.64,94.06,70.78,86.84,66.55,93.48,66.89,91.97
Electronics,PCB_Group_92000,100.00,98.80,86.75,88.90,100.00,99.03,100.00,98.31,100.00,98.51,100.00,98.31
Electronics,pcb1,99.30,99.80,92.07,99.31,98.70,99.74,98.39,99.68,98.52,99.72,98.80,99.70
Electronics,pcb2,97.30,98.70,89.62,97.42,97.91,98.92,98.54,98.49,99.06,98.86,98.48,98.76
Electronics,pcb3,98.50,99.30,75.68,97.63,96.48,99.22,96.70,98.88,97.32,99.13,97.05,99.00
Electronics,phone_battery,94.60,98.60,86.56,95.98,96.35,98.37,96.25,94.43,97.68,98.89,97.95,98.77
Electronics,plastic_plug,93.40,98.70,69.93,97.02,94.55,98.35,94.55,95.56,92.50,97.03,91.87,96.98
Electronics,power_inductor,84.70,93.70,82.28,91.07,85.89,94.73,89.69,93.97,95.62,96.83,95.34,95.81
Electronics,regulator,87.70,99.20,47.42,92.07,87.36,98.68,83.70,96.00,88.82,96.84,88.69,96.81
Electronics,Ring_Cable_Lug,95.50,95.30,66.74,94.27,87.05,96.84,93.11,94.66,95.83,97.44,95.68,96.42
Electronics,Rotary_Encoder,78.40,97.20,43.10,92.08,63.36,96.84,64.66,97.20,68.10,97.94,75.43,97.96
Electronics,sim_card_set,99.60,99.00,92.87,95.31,96.25,97.21,98.53,94.65,97.97,97.22,98.16,97.53
Electronics,Socket_Housing,94.00,96.50,54.19,94.73,91.94,97.26,85.16,95.84,88.39,98.36,89.19,98.56
Electronics,splicing_connectors,73.40,83.20,78.83,76.76,82.63,59.16,87.59,75.90,91.60,73.26,91.21,77.30
Electronics,switch,97.00,99.10,85.28,98.64,96.96,99.04,96.48,98.85,98.37,99.42,97.89,99.34
Electronics,telephone_spring_switch,94.40,98.80,72.53,97.19,95.52,98.88,97.90,97.50,98.94,98.38,98.96,98.27
Electronics,terminal,95.00,97.20,82.89,93.69,92.39,97.80,87.81,91.82,97.51,98.28,96.87,97.98
Electronics,terminalblock,98.30,99.60,87.81,98.67,99.28,99.69,97.46,99.21,99.13,99.71,99.20,99.71
Electronics,thin_resistor,95.40,96.00,92.09,95.48,96.84,96.32,96.21,95.60,97.65,96.99,97.78,96.14
Electronics,transistor,100.00,95.60,97.95,96.69,99.02,89.23,100.00,96.50,99.91,95.63,100.00,94.45
Electronics,transistor1,98.10,99.20,95.47,98.08,98.74,99.08,96.17,98.46,98.17,99.02,97.27,98.96
Electronics,type_c,98.50,97.40,91.28,95.44,97.06,97.78,94.77,94.76,98.46,97.53,98.30,97.06
Electronics,u_block,96.10,99.30,87.79,97.97,97.64,99.14,95.48,98.22,97.74,99.07,97.91,99.03
Electronics,usb,93.80,99.40,79.64,95.83,94.78,99.21,91.22,97.89,95.85,99.24,95.84,99.25
Electronics,usb_adaptor,91.00,98.50,81.96,96.45,93.41,97.00,94.31,95.93,98.15,97.09,97.32,97.20
Electronics,USB_CL,55.70,99.00,40.93,92.69,67.61,99.11,44.31,96.58,83.84,99.27,74.41,99.05
Electronics,Vibration_Sensor,99.20,95.80,76.25,95.28,99.58,97.73,96.25,96.47,86.67,98.51,95.83,98.28
Electronics,wafer_resistor,93.90,99.00,94.34,97.12,96.74,98.43,96.31,97.80,97.23,98.68,96.62,98.25
Electronics,wire_cap,79.90,97.80,86.22,94.89,94.41,97.51,95.33,96.03,96.66,98.14,96.10,97.72
Industry,AI,100.00,93.60,95.95,92.36,99.29,85.48,100.00,90.53,100.00,95.55,100.00,94.83
Industry,Aluminium_Plate,99.10,93.00,57.81,81.60,99.38,95.57,99.84,95.34,100.00,97.35,100.00,97.42
Industry,Amphora_IL,94.00,98.60,60.27,88.71,80.60,97.55,97.42,98.91,96.27,98.25,90.73,98.18
Industry,Axletree_CL,87.00,98.40,61.45,96.58,92.50,99.02,89.92,96.40,92.59,98.92,90.56,98.69
Industry,Bearing_IL,96.20,99.20,48.55,91.96,98.88,99.48,95.65,98.28,100.00,99.66,100.00,99.61
Industry,black_toothbrush,99.60,98.40,68.33,98.50,97.92,98.98,98.33,94.53,100.00,98.89,99.17,98.66
Industry,blackhead_toothbrush,91.30,96.80,79.43,94.33,88.40,95.66,89.83,94.07,92.55,95.87,91.68,95.43
Industry,Blotchy_099,100.00,99.00,99.44,99.14,100.00,99.44,100.00,98.84,100.00,99.56,100.00,99.57
Industry,blue_white_capsule,90.50,77.20,93.12,77.82,98.15,82.75,99.05,81.21,99.07,88.33,98.25,84.96
Industry,Bone_Pliers,96.80,99.90,68.12,98.75,91.98,99.86,94.59,99.79,96.21,99.19,95.63,98.68
Industry,Box_CL,94.30,99.30,62.24,95.96,97.91,98.63,94.84,96.36,99.62,98.60,99.26,98.48
Industry,bracket_black,86.80,98.20,65.56,92.50,88.76,97.44,83.84,93.79,85.24,97.13,82.71,95.96
Industry,bracket_brown,95.20,98.30,78.88,97.21,93.14,94.05,100.00,89.37,94.12,98.56,92.46,98.38
Industry,bracket_white,88.60,99.80,42.22,93.67,90.00,98.96,95.33,92.67,99.44,99.19,98.78,99.16
Industry,button,95.80,98.70,82.35,97.02,92.95,98.85,93.46,97.51,94.63,98.90,94.12,98.62
Industry,Can_CL,100.00,99.40,84.80,97.71,99.76,99.03,100.00,97.84,100.00,99.04,100.00,99.10
Industry,candle,98.90,99.30,87.81,98.41,95.64,98.89,97.57,98.31,96.73,99.10,96.04,99.02
Industry,carpet,99.90,99.20,99.96,98.63,99.78,99.05,99.89,98.21,100.00,99.38,100.00,99.27
Industry,Chain_CL,98.00,98.40,57.41,96.69,87.61,98.82,93.95,98.72,99.80,98.61,100.00,98.26
Industry,copper_standoff,93.90,98.40,96.15,97.59,97.28,97.80,95.75,96.22,98.98,98.41,98.58,98.04
Industry,Copper_Stator,78.60,94.00,55.03,82.26,77.40,95.34,77.93,81.42,81.33,94.98,80.63,94.77
Industry,cotton,100.00,97.10,93.06,99.17,100.00,99.29,100.00,98.51,100.00,99.46,100.00,99.60
Industry,cube,98.70,98.70,92.42,94.46,100.00,99.37,100.00,98.80,100.00,99.49,100.00,99.23
Industry,Cube_CL,100.00,99.80,94.14,99.13,100.00,99.87,99.96,99.76,100.00,99.91,100.00,99.89
Industry,Cup_CL,98.50,99.40,49.46,97.61,99.90,99.33,89.06,98.88,100.00,99.53,100.00,99.53
Industry,Cylinder_Screw,99.20,99.40,64.88,95.02,96.38,99.23,99.63,99.41,98.38,99.66,98.12,99.50
Industry,Damper_Large,99.80,99.40,74.20,97.22,99.40,99.24,98.40,99.06,99.60,98.73,97.60,98.19
Industry,Damper_Small,93.30,99.70,38.12,98.69,92.82,99.83,93.62,99.59,97.24,99.58,95.00,99.53
Industry,dark_zipper,100.00,98.80,77.89,95.05,97.37,98.09,100.00,98.01,100.00,98.03,100.00,97.04
Industry,darkgray_leather,100.00,89.00,100.00,89.28,100.00,90.13,100.00,89.99,100.00,95.08,100.00,94.91
Industry,darkgray_Steel,100.00,85.60,99.50,86.13,99.95,82.92,100.00,84.78,100.00,88.46,100.00,87.69
Industry,darkgray_tile,99.90,86.30,97.30,73.84,100.00,90.69,100.00,90.17,100.00,95.70,100.00,94.35
Industry,dowel,99.00,99.80,71.81,97.51,98.82,99.66,97.14,99.40,98.63,99.52,96.02,99.43
Industry,Drill,71.90,99.50,58.45,97.81,73.86,99.45,89.95,95.85,79.65,98.88,78.59,98.63
Industry,end_cap,88.10,97.70,82.57,94.44,86.87,97.67,86.89,94.67,90.17,98.45,89.00,98.25
Industry,engine_wiring,87.90,95.90,73.12,87.64,75.08,93.79,82.88,95.39,87.56,96.23,82.38,96.01
Industry,eraser,95.90,99.20,92.11,98.81,95.02,99.01,94.53,97.69,95.94,98.94,95.84,98.96
Industry,fabric,71.10,79.00,40.51,60.32,74.50,64.92,58.48,77.10,78.06,86.30,74.71,87.94
Industry,Fibrous_183,99.40,98.50,98.88,97.17,99.50,98.41,99.63,98.00,100.00,99.61,100.00,99.56
Industry,Filter_IL,99.60,99.70,94.63,99.39,99.97,99.92,96.80,99.60,100.00,99.94,99.76,99.93
Industry,fire_hood,87.50,98.60,83.95,97.28,87.79,98.18,88.15,95.61,88.11,98.35,86.41,98.18
Industry,flat_nut,94.00,98.60,87.12,96.07,92.27,98.72,88.21,94.59,95.54,98.66,95.75,98.58
Industry,foam,79.00,99.90,71.85,82.55,82.80,95.21,85.13,89.97,85.43,95.79,84.27,95.10
Industry,gear,97.50,97.90,77.24,89.85,97.12,98.28,96.37,96.72,97.77,98.70,97.07,98.25
Industry,Gear_CL,100.00,96.50,91.57,93.16,100.00,96.20,99.98,97.46,100.00,97.11,100.00,96.98
Industry,grey_cloth,100.00,98.40,99.13,98.19,100.00,98.18,100.00,97.28,100.00,98.61,99.95,98.49
Industry,grid,99.70,98.90,98.85,94.83,96.79,96.44,99.94,98.67,100.00,99.22,100.00,99.17
Industry,grid_cloth,94.40,98.20,86.58,95.97,95.14,98.58,96.76,97.87,99.18,99.18,99.15,99.15
Industry,Hose_Screw_Fitting,97.00,99.50,28.45,88.11,86.64,99.45,87.93,98.84,95.26,99.54,96.55,99.43
Industry,Iron_Stator,69.90,88.60,63.84,78.90,66.34,84.42,67.75,74.63,72.87,91.52,72.86,91.02
Industry,Joint_CL,95.10,98.90,67.75,95.55,64.80,97.25,76.57,94.04,87.55,98.50,85.69,98.29
Industry,Keyring_CL,100.00,99.20,66.38,97.05,99.73,99.10,99.76,98.08,100.00,98.87,100.00,98.75
Industry,leather,100.00,99.30,100.00,99.11,100.00,99.27,100.00,99.06,100.00,99.15,100.00,99.08
Industry,lego_propeller,100.00,88.10,100.00,89.88,100.00,91.10,100.00,79.52,100.00,87.69,100.00,77.19
Industry,Lighter_CL,98.50,99.30,86.78,98.13,99.84,99.40,99.92,99.54,100.00,99.71,100.00,99.62
Industry,long_button,98.20,94.90,94.22,92.36,96.03,96.08,93.72,94.94,95.93,95.88,96.36,95.67
Industry,Marbled_078,99.90,98.70,99.00,98.58,100.00,99.27,99.94,98.48,100.00,99.58,100.00,99.54
Industry,Matted_069,100.00,99.30,91.39,97.29,99.68,99.48,99.75,99.02,100.00,99.67,99.68,99.64
Industry,Mesh_114,89.10,96.00,81.15,82.83,88.54,93.07,98.02,97.99,99.55,99.49,98.85,99.39
Industry,metal_nut,99.90,98.40,98.45,92.92,100.00,96.99,100.00,98.82,100.00,97.36,100.00,97.55
Industry,metal_plate,100.00,98.60,38.79,84.27,99.67,98.79,100.00,97.71,100.00,99.21,100.00,98.76
Industry,metal_screw,100.00,98.20,77.42,99.04,100.00,98.80,99.68,98.59,100.00,98.79,100.00,98.65
Industry,Metal_Surface_Defect_1,91.50,94.10,88.74,88.69,86.37,90.17,91.43,86.47,97.47,97.80,97.09,97.63
Industry,Metal_Surface_Defect_2,74.40,96.40,94.80,96.43,94.34,96.90,94.93,96.74,96.25,98.62,95.37,98.38
Industry,mounts,97.40,97.50,92.01,99.10,97.59,98.26,96.94,96.44,96.88,97.71,97.44,97.80
Industry,MT,98.00,73.00,93.52,72.88,96.25,75.69,99.41,75.91,98.90,84.57,99.41,82.67
Industry,Neon_Ring_Pattern,97.70,97.80,99.19,98.04,99.86,98.26,99.91,97.01,99.62,97.71,99.24,97.61
Industry,nut,100.00,99.00,83.29,98.56,99.47,99.21,100.00,96.49,100.00,99.26,100.00,99.27
Industry,nut_cap,84.20,96.70,80.12,93.59,84.27,97.16,85.53,90.86,86.72,97.91,86.24,97.78
Industry,Oval_Ring_Pattern,81.80,96.70,83.58,95.75,85.00,97.28,80.44,94.83,86.09,97.01,99.87,99.59
Industry,Pan_Screw,95.90,99.30,52.22,97.77,79.29,99.61,93.18,97.73,90.89,99.46,88.11,99.34
Industry,Paperclip,99.40,97.40,90.07,96.89,99.49,98.16,99.49,96.48,100.00,97.77,100.00,97.58
Industry,PaperCup_CL,99.20,98.80,63.54,96.23,100.00,99.47,94.21,98.32,99.63,99.36,99.02,99.21
Industry,Parts_CL,96.50,98.60,42.43,95.52,73.92,97.74,82.48,96.21,86.62,98.70,88.95,98.61
Industry,Perforated_037,96.30,97.00,90.44,86.50,96.13,94.80,99.88,98.33,100.00,99.48,100.00,99.47
Industry,Picker_CL,96.90,95.70,51.28,92.75,97.02,98.40,94.33,89.44,98.84,98.19,99.87,97.63
Industry,piggy,100.00,97.30,100.00,89.09,100.00,97.69,100.00,97.65,100.00,99.15,100.00,99.01
Industry,pink_flower,93.40,99.80,50.59,86.24,72.07,99.70,99.71,99.63,94.34,99.85,95.21,99.82
Industry,Pipe_Clamp,98.30,95.10,53.45,91.03,95.26,95.30,97.84,93.14,99.14,96.87,97.84,96.58
Industry,pipe_clip,75.80,97.70,52.68,86.03,78.75,95.77,80.40,91.70,86.39,97.11,83.47,96.69
Industry,pipe_staple,97.30,96.60,64.58,86.38,83.66,94.17,95.05,91.67,98.79,97.02,98.42,96.79
Industry,plastic_cylinder,100.00,99.20,77.65,97.51,97.06,99.02,98.82,98.49,100.00,99.46,100.00,99.44
Industry,plastic_nut,94.90,99.20,82.55,96.53,95.78,99.19,93.45,96.94,95.65,99.30,96.54,99.25
Industry,plastic_screw,86.10,95.80,70.58,86.75,86.99,95.27,90.18,92.75,96.49,98.01,95.50,97.38
Industry,porcelain_doll,94.90,98.40,71.88,97.24,94.84,97.66,95.55,96.66,96.61,97.93,95.88,97.67
Industry,purple_clay_pot,96.10,99.20,89.50,98.44,97.18,99.64,96.86,98.77,94.86,99.64,95.86,99.63
Industry,pushpins,73.60,86.80,60.10,48.52,81.98,60.28,85.39,69.46,80.80,62.68,78.77,62.11
Industry,red_washer,98.00,98.30,91.05,97.11,96.97,98.34,97.39,97.45,98.53,98.28,98.45,95.52
Industry,red_white_capsule,100.00,99.40,80.56,98.58,98.89,99.59,99.72,97.59,100.00,98.92,100.00,98.94
Industry,Redon_Needle,98.70,99.80,74.73,97.89,97.92,99.46,97.86,99.42,99.34,99.44,99.18,99.30
Industry,Retractor,99.10,99.60,48.39,97.43,92.83,99.53,99.90,99.50,98.29,99.44,98.03,99.27
Industry,Robust,97.50,92.00,95.45,93.24,96.51,96.31,90.50,88.38,96.62,97.96,96.76,97.23
Industry,rolled_strip_base,99.70,99.60,97.61,98.61,99.89,99.69,99.52,98.94,99.87,99.55,99.86,99.56
Industry,rope,90.00,99.40,97.45,99.36,98.79,99.57,97.92,99.17,100.00,99.24,99.88,99.21
Industry,round_button_cap,98.50,98.40,89.50,96.71,96.97,98.64,97.69,97.40,98.75,98.75,98.42,98.58
Industry,Saw_Blade,75.00,99.80,65.13,96.77,77.01,99.25,67.82,79.94,78.33,98.59,72.92,98.39
Industry,screw,99.60,99.50,69.79,95.98,98.95,99.52,91.73,96.82,98.66,99.54,98.66,99.34
Industry,screw_bag,63.90,77.40,58.11,67.71,63.43,72.78,69.70,63.15,69.03,71.18,67.38,70.98
Industry,Section_CL,100.00,99.80,65.81,96.28,99.92,98.73,100.00,98.55,100.00,98.52,100.00,98.46
Industry,Self_Tapping_Bolt,99.30,99.10,57.43,95.25,95.80,99.05,99.93,98.63,99.20,99.04,99.23,98.73
Industry,Shaft_CL,100.00,99.50,71.66,97.70,99.98,99.26,100.00,99.42,100.00,99.43,100.00,99.28
Industry,sheet_metal,66.40,97.70,65.35,90.58,67.59,90.26,54.38,88.17,67.96,79.59,66.53,77.94
Industry,short_button,95.00,97.70,92.37,94.26,94.41,97.97,93.50,96.45,93.29,98.43,93.29,98.33
Industry,Spray_can_CL,100.00,99.50,61.63,98.08,95.47,99.24,95.45,98.76,100.00,98.65,100.00,98.59
Industry,Spring_CL,97.50,96.20,68.48,98.09,95.19,97.70,96.47,95.48,98.60,98.63,98.89,98.86
Industry,spring_pad,100.00,99.60,38.70,98.67,99.13,99.70,98.26,97.80,100.00,99.69,100.00,99.68
Industry,Sprockets_CL,99.30,96.90,57.96,89.89,99.52,95.57,99.83,96.06,97.75,96.49,97.18,96.60
Industry,square_button_cap,98.60,98.00,92.74,95.39,96.94,98.26,97.26,96.66,99.13,98.52,98.79,98.24
Industry,Stratified_154,100.00,99.10,99.38,98.65,100.00,99.11,100.00,98.84,100.00,99.54,100.00,99.68
Industry,Tack,93.50,98.70,82.82,98.57,95.44,99.20,94.94,98.89,93.61,99.36,94.41,99.31
Industry,tank_screw,88.40,99.10,47.47,90.59,82.14,98.07,93.08,98.70,66.81,98.35,65.72,98.09
Industry,tape,98.70,99.30,95.81,98.97,98.68,99.04,98.75,98.39,99.67,99.33,99.35,99.24
Industry,Teapot_IL,79.30,97.30,60.12,88.72,68.35,95.58,70.33,96.81,90.54,97.54,95.54,97.26
Industry,Textile_Fabric,75.60,92.80,75.57,84.90,72.51,86.38,88.84,95.30,90.47,93.66,89.63,92.08
Industry,Textile_Vertical_Lines,99.80,98.10,99.22,98.51,99.87,99.19,99.80,98.58,99.58,99.63,86.47,94.33
Industry,Texture_1,84.20,90.60,87.35,86.83,96.78,95.48,98.38,96.28,99.97,94.59,99.63,92.40
Industry,Texture_10,100.00,99.40,98.87,98.39,96.17,98.94,100.00,99.30,100.00,99.65,100.00,99.62
Industry,Texture_2,100.00,99.60,99.82,99.59,100.00,99.66,100.00,99.36,100.00,99.77,100.00,99.77
Industry,Texture_3,93.40,96.50,89.71,90.10,96.81,97.70,93.53,96.73,100.00,99.19,100.00,99.23
Industry,Texture_4,100.00,99.60,100.00,99.27,100.00,99.51,100.00,99.76,100.00,99.54,100.00,99.38
Industry,Texture_5,90.30,95.60,86.57,93.08,94.78,97.53,88.68,94.85,100.00,99.76,100.00,99.68
Industry,Texture_6,99.60,97.40,99.17,97.65,97.77,94.80,100.00,95.27,100.00,98.98,100.00,98.41
Industry,Texture_7,99.90,95.80,83.27,81.78,99.74,95.48,100.00,97.72,100.00,98.76,100.00,98.71
Industry,Texture_8,59.70,88.30,47.55,57.25,72.85,91.45,59.63,80.28,97.79,99.21,97.62,99.36
Industry,Texture_9,96.20,99.20,96.48,99.18,99.82,99.77,99.97,99.26,100.00,99.87,99.99,99.85
Industry,Threaded_Fitting,49.40,97.70,60.90,97.44,40.92,98.12,72.44,96.37,39.32,97.76,38.46,96.98
Industry,tile,98.80,95.50,95.28,89.64,100.00,94.95,99.91,95.16,100.00,97.21,100.00,96.92
Industry,tire,82.30,99.40,67.56,96.66,94.42,99.42,87.70,97.55,96.64,99.61,93.10,99.46
Industry,toothbrush,100.00,98.40,79.58,95.20,100.00,98.87,95.83,98.16,100.00,99.01,100.00,98.93
Industry,toy,88.90,98.50,66.20,93.13,88.51,97.44,86.34,92.57,92.54,92.14,91.51,92.69
Industry,toy_brick,83.20,98.10,84.25,97.25,81.69,97.85,84.51,94.52,79.65,97.23,80.01,97.32
Industry,transparent_zipper,98.60,98.80,97.67,96.55,99.80,99.11,99.17,98.11,99.81,99.05,99.80,98.97
Industry,tubes,92.40,98.80,66.71,91.20,92.03,99.12,95.25,98.95,90.94,98.94,89.54,98.72
Industry,underbody_pipes,99.90,98.70,94.52,98.53,98.11,98.62,99.94,98.72,99.65,99.37,99.18,99.09
Industry,underbody_screw,100.00,100.00,92.37,99.87,99.48,99.90,100.00,99.90,100.00,99.86,100.00,99.87
Industry,Valve_Handle_Blue,100.00,99.60,65.10,94.01,100.00,99.24,100.00,96.95,98.96,99.26,98.96,98.95
Industry,Valve_Handle_Red,84.60,99.40,37.00,95.23,83.50,99.35,89.00,98.69,95.05,98.46,92.31,98.31
Industry,vcpill,91.10,98.70,77.83,98.45,92.06,98.31,91.68,97.58,93.20,98.67,93.31,98.37
Industry,vial,89.90,91.40,80.06,92.37,78.34,92.80,69.03,84.88,80.94,93.21,84.69,93.05
Industry,wallplugs,54.80,83.20,39.36,71.09,44.46,87.31,51.42,85.11,46.28,79.28,43.43,77.48
Industry,Wand_IL,99.40,99.80,74.19,95.52,98.33,99.84,98.53,99.91,99.95,99.90,99.49,99.87
Industry,Wheel_IL,56.40,95.50,69.44,94.80,73.30,96.62,40.62,96.45,90.98,97.86,93.87,97.76
Industry,white_nut,95.80,98.70,84.67,97.12,95.63,98.63,93.23,97.87,95.48,98.60,94.13,98.22
Industry,wood,99.70,95.50,98.70,93.74,99.38,95.28,99.69,93.38,99.94,97.03,99.94,96.43
Industry,wooden_beads,88.60,97.90,83.64,96.23,91.04,97.15,89.60,94.21,92.37,98.05,92.18,98.17
Industry,woodstick,69.30,94.40,76.71,92.37,78.23,96.95,73.69,88.75,80.56,97.67,80.09,97.60
Industry,Woven_001,96.20,98.70,91.86,96.44,93.09,99.19,99.48,99.29,100.00,99.73,99.76,99.69
Industry,Woven_068,96.30,97.70,92.68,94.42,97.89,98.10,98.73,98.12,100.00,99.63,100.00,99.57
Industry,Woven_104,94.40,98.40,88.38,95.49,90.19,98.00,96.38,97.91,99.94,99.57,99.94,99.54
Industry,Woven_125,99.70,98.80,97.85,98.11,100.00,99.46,100.00,98.71,100.00,99.65,100.00,99.66
Industry,Woven_127,98.30,94.60,79.48,86.71,97.91,96.28,99.03,97.51,98.55,96.23,98.72,96.50
Industry,yellow_cloth,98.20,96.60,96.25,91.55,99.99,96.83,99.96,96.64,99.99,98.35,99.89,98.26
Industry,yellow_green_washer,93.90,91.40,92.42,91.20,93.87,91.19,94.13,91.40,95.45,92.11,95.43,92.78
Industry,zipper,99.90,98.90,88.99,95.91,99.82,98.48,100.00,98.50,100.00,98.32,100.00,97.55
Infrastructure,Asphalt_Pavement_1,91.80,94.10,74.87,94.07,87.44,92.46,98.40,89.28,99.93,96.54,98.93,93.52
Infrastructure,Asphalt_Pavement_2,98.50,91.80,75.03,87.05,98.54,93.34,100.00,94.39,99.95,97.77,100.00,96.70
Infrastructure,Asphalt_Pavement_3,98.60,87.20,91.60,87.06,94.87,87.37,99.55,89.33,100.00,95.52,100.00,93.49
Infrastructure,Battery_Tray,95.00,98.40,63.25,89.94,90.25,97.55,87.25,97.69,92.00,97.65,88.75,97.27
Infrastructure,Bolt_CL,97.60,99.50,75.89,95.70,97.88,99.83,99.20,99.34,100.00,99.79,100.00,99.80
Infrastructure,breakfast_box,73.90,81.70,65.91,88.51,60.20,87.27,87.62,89.65,86.78,89.45,86.73,87.46
Infrastructure,cable,99.40,98.10,93.97,95.75,97.00,96.33,99.59,97.66,99.96,98.32,99.78,96.38
Infrastructure,cable_gland,98.00,98.90,61.75,95.25,96.97,99.57,96.00,98.78,99.86,99.74,99.59,99.68
Infrastructure,catenary_dropper,93.60,92.50,62.37,87.97,86.52,91.79,96.24,91.23,93.99,92.75,94.29,92.96
Infrastructure,dc_power_connector,98.40,92.00,81.76,75.98,91.68,92.95,93.69,89.35,99.28,93.70,59.26,91.59
Infrastructure,Device_Box,88.90,98.90,61.23,86.59,90.37,99.54,85.93,97.59,80.98,99.37,76.63,99.18
Infrastructure,disk_wood,88.70,95.40,64.74,69.47,77.52,85.62,73.89,78.86,87.52,92.58,86.12,92.39
Infrastructure,electrical_insulator,57.90,92.90,49.73,76.01,52.77,96.27,48.97,87.63,67.38,98.25,65.34,97.79
Infrastructure,food_box,58.30,96.30,52.44,85.12,60.18,91.17,61.64,88.00,77.38,96.99,78.40,97.38
Infrastructure,food_package,62.40,96.70,56.72,87.98,60.87,94.58,55.34,86.97,69.44,97.00,70.09,97.43
Infrastructure,insulator,97.20,99.00,85.36,98.14,94.36,98.90,96.97,98.69,95.87,98.79,95.59,98.61
Infrastructure,Key,100.00,99.70,28.08,96.53,100.00,99.30,100.00,99.14,100.00,99.34,98.85,99.08
Infrastructure,L_Fitting,87.00,99.00,58.65,95.08,84.61,97.99,67.79,96.70,98.08,98.79,98.56,98.49
Infrastructure,limit_switch,99.00,92.50,89.18,96.95,99.36,95.95,98.92,86.97,99.60,96.17,99.54,95.36
Infrastructure,Magnetic-tile,93.00,81.60,84.19,74.61,91.00,75.13,92.94,77.10,95.19,82.43,95.52,83.13
Infrastructure,metal_welding,95.80,91.30,54.61,83.56,90.69,95.56,99.33,86.61,98.59,94.94,97.98,94.38
Infrastructure,nut_and_bolt,65.40,95.30,40.55,87.51,61.70,93.73,72.85,93.47,73.58,95.30,70.09,95.24
Infrastructure,pcb4,99.80,98.10,98.79,96.98,99.76,98.32,99.32,98.04,99.79,98.84,99.65,98.57
Infrastructure,photovoltaic_module,70.20,97.60,65.65,89.30,85.33,98.79,83.24,93.67,95.78,98.73,94.79,98.56
Infrastructure,Pools_Region_1,80.60,88.70,63.17,80.68,78.66,73.48,77.66,86.17,73.43,72.22,76.64,77.58
Infrastructure,Pools_Region_2,89.20,89.90,69.11,80.94,86.99,75.82,72.65,66.14,87.17,75.89,86.12,80.03
Infrastructure,Pools_Region_3,82.90,86.90,56.14,78.52,77.49,71.38,71.03,74.05,74.68,72.41,70.54,76.25
Infrastructure,Pools_Region_4,83.80,90.50,60.85,80.56,72.81,71.70,69.42,70.54,67.57,70.48,71.12,73.97
Infrastructure,Pools_Region_5,87.20,88.20,67.59,74.82,72.21,65.84,77.95,80.14,62.81,69.16,71.68,75.40
Infrastructure,Pools_Region_6,83.70,83.20,67.49,67.99,73.46,76.72,74.07,74.71,71.74,78.57,71.41,80.70
Infrastructure,Pools_Region_7,83.30,83.20,60.57,70.47,71.37,62.60,66.40,72.60,60.24,60.03,61.13,65.35
Infrastructure,Pools_Region_8,87.30,91.00,71.36,81.12,73.02,78.46,80.31,75.83,71.82,77.19,68.51,79.48
Infrastructure,power_jack,95.10,78.60,89.81,69.42,95.20,84.87,97.63,70.46,97.12,82.76,97.76,81.78
Infrastructure,Rail,100.00,94.90,95.38,92.35,100.00,95.73,100.00,92.35,100.00,94.80,100.00,90.60
Infrastructure,Reinforcing_Sleeve,98.80,98.80,58.33,97.71,98.81,99.23,98.21,98.76,90.48,98.10,91.07,97.62
Infrastructure,screen,100.00,91.40,54.31,76.08,100.00,96.61,100.00,93.45,100.00,97.53,100.00,97.40
Infrastructure,ship,89.20,99.20,96.30,98.83,74.65,96.92,87.05,94.64,71.80,94.29,71.20,93.51
Infrastructure,solar_panel,97.50,99.00,66.67,94.69,95.83,98.95,89.17,98.72,98.33,99.56,99.17,99.32
Infrastructure,steel,100.00,83.30,99.63,85.37,100.00,87.38,100.00,82.97,100.00,88.82,100.00,88.43
Infrastructure,Terminal_Block_A,80.20,98.50,43.37,74.05,65.33,97.89,67.69,97.47,66.35,98.40,67.45,97.94
Infrastructure,Terminal_Block_B,93.50,98.50,59.50,80.84,93.67,97.65,90.33,95.46,90.50,98.95,87.50,98.89
Infrastructure,Tube_CL,100.00,92.50,60.81,89.28,98.87,92.75,99.60,98.00,100.00,95.41,100.00,95.74
Infrastructure,UTM_N,88.00,96.80,89.04,94.52,82.98,94.18,85.33,91.12,86.36,93.51,83.85,89.76
Infrastructure,Valve_CL,84.20,90.40,84.89,84.61,90.75,90.33,74.46,91.09,96.40,92.61,85.54,92.50
Infrastructure,Water_Tanks_Region_1,65.60,86.40,47.58,84.55,71.35,86.86,62.91,76.28,63.71,78.11,56.89,76.69
Infrastructure,Water_Tanks_Region_2,72.50,88.20,61.08,84.60,77.17,86.55,69.36,58.66,63.37,77.62,57.62,77.17
Infrastructure,Water_Tanks_Region_3,70.70,86.50,53.90,83.36,75.35,88.23,62.84,64.08,67.22,77.61,66.25,77.13
Infrastructure,Water_Tanks_Region_4,57.20,86.20,44.38,80.26,67.68,87.32,55.41,49.11,44.86,75.31,41.66,73.30
Infrastructure,Water_Tanks_Region_5,70.60,86.10,60.74,82.67,73.58,87.25,62.28,66.54,61.85,78.08,61.49,77.66
Infrastructure,Water_Tanks_Region_6,63.80,85.50,56.19,82.12,64.05,84.39,54.07,67.89,50.92,74.82,42.23,72.87
Infrastructure,wind_turbine,93.00,99.70,82.33,98.48,93.65,99.54,98.55,99.24,99.93,99.55,99.82,99.59
Infrastructure,witness_mark,88.80,83.20,50.17,97.58,57.58,40.95,70.40,78.20,71.83,71.04,73.07,72.79
Medical,black_orange_capsule,99.60,99.00,77.72,97.72,97.91,98.86,97.98,98.95,99.93,99.08,99.71,98.89
Medical,brain_tumor,89.60,97.70,84.69,97.85,86.48,97.46,87.10,96.41,91.72,98.49,91.98,98.58
Medical,brain_tumor_brats2021,80.40,95.50,74.81,93.69,76.35,94.61,79.77,92.57,77.89,95.85,82.78,96.45
Medical,Brain_White_Matter,77.30,95.60,50.81,91.94,79.77,93.70,78.97,91.31,77.20,94.70,78.83,96.08
Medical,capsules,76.60,99.30,53.38,86.23,88.87,99.67,82.95,98.86,91.38,99.43,90.31,99.32
Medical,coated_tablet,98.50,99.30,94.64,98.14,97.63,99.19,98.40,99.11,98.46,99.41,99.08,99.22
Medical,Colon_Polyp,88.90,74.40,81.19,72.54,84.51,69.83,97.10,69.40,93.34,79.78,93.84,83.10
Medical,embossed_tablet,96.60,95.70,88.50,94.40,95.79,97.44,93.10,91.52,97.89,97.73,97.92,97.26
Medical,ginseng,85.10,99.00,100.00,98.90,100.00,99.12,100.00,98.81,100.00,99.35,100.00,99.30
Medical,lettered_tablet,97.10,96.30,85.89,92.94,96.72,97.17,96.30,93.85,98.04,97.85,97.79,97.74
Medical,Liver_Lesion,96.70,94.30,83.18,77.47,96.47,88.04,91.71,89.74,98.99,95.77,98.64,95.94
Medical,liver_pathology,69.00,96.90,57.09,96.02,67.09,97.04,69.56,96.05,72.51,98.16,74.54,98.11
Medical,liver_tumor,74.10,87.00,48.25,67.81,74.55,86.24,71.64,78.89,78.64,94.00,80.79,95.13
Medical,magnesium,99.90,98.60,99.47,98.49,99.90,99.14,100.00,98.34,99.98,99.47,99.97,99.42
Medical,ms_lesion,92.90,94.30,81.87,89.50,95.65,94.93,91.25,89.65,94.06,95.87,93.17,96.04
Medical,Oblong_Pill,99.90,99.10,72.51,97.94,99.59,98.98,99.68,99.26,99.32,98.81,99.73,98.74
Medical,oblong_tablet,74.60,92.80,86.97,91.94,91.50,95.62,91.56,90.55,95.85,97.28,95.17,97.28
Medical,pill,96.50,97.80,77.14,91.09,97.47,97.63,97.99,98.61,99.15,98.11,98.84,98.28
Medical,pink_matte_tablet,99.80,96.60,73.93,89.19,95.36,95.99,98.57,94.56,98.75,96.01,92.86,95.19
Medical,pink_tablet,97.40,97.40,91.94,96.48,96.67,97.94,97.37,96.61,97.26,98.13,97.61,97.67
Medical,red_tablet,93.40,81.90,76.86,77.00,89.94,75.97,95.47,82.30,94.91,76.25,94.80,76.75
Medical,Round_Pill,95.90,82.40,72.01,98.86,97.15,90.09,100.00,83.76,97.15,77.09,96.33,78.62
Medical,speckled_mint,97.60,72.10,99.41,73.86,100.00,76.93,100.00,76.18,99.95,80.80,99.94,84.11
Medical,stroke_lesion,88.00,98.50,61.48,92.73,77.91,88.33,86.50,95.15,89.83,96.82,82.73,97.29
Medical,Surgical_Mask,52.50,91.70,53.27,87.34,47.89,96.50,56.88,79.79,55.99,95.19,58.70,93.79
Medical,white_marked_tablet,94.10,98.50,50.00,97.95,99.09,98.95,100.00,99.13,88.64,81.01,87.95,85.98
Medical,white_tablet,97.00,95.90,89.54,92.18,97.67,96.67,97.84,94.83,98.38,97.27,97.99,96.84
Medical,yellow_tablet,98.70,97.20,91.21,95.49,98.79,97.68,98.92,96.86,99.66,98.51,99.60,98.14
